source	offset	encoding	text
JX3ClientX64_exe_net_strings.txt	0x007C0300	ascii	KPlayerClient::OnSkillChannel
JX3ClientX64_exe_net_strings.txt	0x008062E0	ascii	SceneChannelCoolDownID
JX3ClientX64_exe_net_strings.txt	0x008062F8	ascii	WorldChannelCoolDownID
JX3ClientX64_exe_net_strings.txt	0x00806310	ascii	ForceChannelCoolDownID
JX3ClientX64_exe_net_strings.txt	0x00806328	ascii	CampChannelCoolDownID
JX3ClientX64_exe_net_strings.txt	0x00806340	ascii	MentorChannelCoolDownID
JX3ClientX64_exe_net_strings.txt	0x00806358	ascii	FriendsChannelCoolDownID
JX3ClientX64_exe_net_strings.txt	0x00806378	ascii	IdentityChannelCoolDownID
JX3ClientX64_exe_net_strings.txt	0x00806398	ascii	NearbyChannelCoolDownID
JX3ClientX64_exe_net_strings.txt	0x00820BE8	ascii	KVideoReplayer::OnUIDataSKillChannelProgress
JX3ClientX64_exe_net_strings.txt	0x0082DE40	ascii	KCharacter::OnSkillChannel
JX3ClientX64_exe_net_strings.txt	0x0082DF28	ascii	KCharacter::OnSkillChannelOTActionEnd
JX3ClientX64_exe_net_strings.txt	0x0082DF50	ascii	[KCharacter::OnSkillChannelOTActionEnd] m_bOnOTActionEnd skill:(%u, %u)
JX3ClientX64_exe_net_strings.txt	0x00849DD0	ascii	KRecorderSocketClientReplay::Connect
JX3ClientX64_exe_net_strings.txt	0x00849F80	ascii	KRecorderSocketServerReplay::Init
JX3ClientX64_exe_net_strings.txt	0x00849FA8	ascii	KRecorderSocketServerReplay::Wait
JX3ClientX64_exe_net_strings.txt	0x0084E468	ascii	GetSkillChannel
JX3ClientX64_exe_net_strings.txt	0x0084E478	ascii	GetSkillChannelInterval
JX3ClientX64_exe_net_strings.txt	0x00853EB8	ascii	KPlayer::LuaGetSkillChannel
JX3ClientX64_exe_net_strings.txt	0x00853ED8	ascii	KPlayer::LuaGetSkillChannelInterval
JX3ClientX64_exe_net_strings.txt	0x00875378	ascii	KRecorderSocketStreamReplay::SetTimeout
JX3ClientX64_exe_net_strings.txt	0x008753A0	ascii	KRecorderSocketStreamReplay::Send
JX3ClientX64_exe_net_strings.txt	0x008753C8	ascii	KRecorderSocketStreamReplay::CheckCanRecv
JX3ClientX64_exe_net_strings.txt	0x008753F8	ascii	KRecorderSocketStreamReplay::Recv
JX3ClientX64_exe_net_strings.txt	0x00875440	ascii	KRecorderSocketStreamReplay::IsAlive
JX3ClientX64_exe_net_strings.txt	0x00875468	ascii	KRecorderAsyncSocketStreamReplay::Send
JX3ClientX64_exe_net_strings.txt	0x00875490	ascii	KRecorderAsyncSocketStreamReplay::Recv
JX3ClientX64_exe_net_strings.txt	0x008754C8	ascii	KRecorderAsyncSocketStreamReplay::GetRemoteAddress
JX3ClientX64_exe_net_strings.txt	0x00A3DBB0	ascii	.?AVKRecorderSocketClientReplay@@
JX3ClientX64_exe_net_strings.txt	0x00A3DC58	ascii	.?AVKRecorderSocketServerReplay@@
JX3ClientX64_exe_net_strings.txt	0x00A3F7E0	ascii	.?AVKRecorderSocketStreamReplay@@
JX3ClientX64_exe_net_strings.txt	0x00A3F850	ascii	.?AVKRecorderAsyncSocketStreamReplay@@
JX3ClientX64_exe_net_strings.txt	0x007C0710	ascii	KPlayerClient::OnSkillBeatBack
JX3ClientX64_exe_net_strings.txt	0x007C1BC0	ascii	KPlayerClient::OnSyncFightflagList
JX3ClientX64_exe_net_strings.txt	0x007C9368	ascii	KPlayerClient::OnSyncBattleStatFlag
JX3ClientX64_exe_net_strings.txt	0x007CC158	ascii	pReplayer
JX3ClientX64_exe_net_strings.txt	0x007FA728	ascii	g_pSO3World->m_VideoManager.m_VideoReplayer.m_bWorkFlag
JX3ClientX64_exe_net_strings.txt	0x00808680	ascii	FirstAttackOnCampFoe
JX3ClientX64_exe_net_strings.txt	0x0080C3D8	ascii	SkillCastFlag
JX3ClientX64_exe_net_strings.txt	0x0080C3E8	ascii	nRetCode && "Get SkillCastFlag"
JX3ClientX64_exe_net_strings.txt	0x0080FA48	ascii	dwSkillCastFlag
JX3ClientX64_exe_net_strings.txt	0x00820190	ascii	KVideoReplayer::ProcessReplayData
JX3ClientX64_exe_net_strings.txt	0x00820290	ascii	Replay data index error, expect index: %d but: %d
JX3ClientX64_exe_net_strings.txt	0x008202C8	ascii	KVideoReplayer::ProcessReplayHeaderData
JX3ClientX64_exe_net_strings.txt	0x00820330	ascii	KVideoReplayer::SetState
JX3ClientX64_exe_net_strings.txt	0x00820380	ascii	replay -pause
JX3ClientX64_exe_net_strings.txt	0x008203A0	ascii	replay -replay
JX3ClientX64_exe_net_strings.txt	0x008203B0	ascii	KVideoReplayer::AddCompetitor
JX3ClientX64_exe_net_strings.txt	0x008203E0	ascii	KVideoReplayer::ProcessPackage
JX3ClientX64_exe_net_strings.txt	0x00820470	ascii	KVideoReplayer::OnSyncSkillData
JX3ClientX64_exe_net_strings.txt	0x008204C8	ascii	KVideoReplayer::OnSyncSkillRecipe
JX3ClientX64_exe_net_strings.txt	0x00820528	ascii	KVideoReplayer::OnDeleteSkillRecipe
JX3ClientX64_exe_net_strings.txt	0x008205C0	ascii	KVideoReplayer::OnResetCooldown
JX3ClientX64_exe_net_strings.txt	0x00820638	ascii	KVideoReplayer::OnCoolDownOverDraftNotify
JX3ClientX64_exe_net_strings.txt	0x008206D0	ascii	KVideoReplayer::OnSyncArenaCompetitorCDState
JX3ClientX64_exe_net_strings.txt	0x00820778	ascii	KVideoReplayer::OnPauseCDTimer
JX3ClientX64_exe_net_strings.txt	0x008207F0	ascii	KVideoReplayer::OnAccelerateCDTimer
JX3ClientX64_exe_net_strings.txt	0x00820880	ascii	KVideoReplayer::OnSyncArenaCompetitorList
JX3ClientX64_exe_net_strings.txt	0x00820930	ascii	KVideoReplayer::OnSyncArenaCompetitorTalentData
JX3ClientX64_exe_net_strings.txt	0x008209A0	ascii	KVideoReplayer::OnSyncArenaCompetitorEquipBoxInfo
JX3ClientX64_exe_net_strings.txt	0x00820A30	ascii	KVideoReplayer::OnRemoteLuaCall
JX3ClientX64_exe_net_strings.txt	0x00820A90	ascii	KVideoReplayer::OnSyncArenaCompetitorBaseData
JX3ClientX64_exe_net_strings.txt	0x00820AF8	ascii	KVideoReplayer::OnUIDataBuffSingle
JX3ClientX64_exe_net_strings.txt	0x00820B48	ascii	KVideoReplayer::OnUIDataBuffList
JX3ClientX64_exe_net_strings.txt	0x00820B98	ascii	KVideoReplayer::OnUIDataSkillCastLog
JX3ClientX64_exe_net_strings.txt	0x00820BE8	ascii	KVideoReplayer::OnUIDataSKillChannelProgress
JX3ClientX64_exe_net_strings.txt	0x00820C40	ascii	KVideoReplayer::OnUIDataSkillPrepareProgress
JX3ClientX64_exe_net_strings.txt	0x00820C70	ascii	KVideoReplayer::OnUIDataSkillHoardProgress
JX3ClientX64_exe_net_strings.txt	0x00820CA0	ascii	KVideoReplayer::OnCompetitorSkillOTActionState
JX3ClientX64_exe_net_strings.txt	0x00820CD0	ascii	KVideoReplayer::OnSyncArenaStatistics
JX3ClientX64_exe_net_strings.txt	0x00820D30	ascii	KVideoReplayer::OnSyncBattlefieldStatistics
JX3ClientX64_exe_net_strings.txt	0x00820D98	ascii	KVideoReplayer::OnArenaVideoStart
JX3ClientX64_exe_net_strings.txt	0x00820DF0	ascii	KVideoReplayer::OnArenaEnd
JX3ClientX64_exe_net_strings.txt	0x00820E30	ascii	KVideoReplayer::OnSyncArenaNewCompetitor
JX3ClientX64_exe_net_strings.txt	0x00820E60	ascii	KVideoReplayer::OnSyncArenaCompetitorState
JX3ClientX64_exe_net_strings.txt	0x00820EC0	ascii	KVideoReplayer::OnNpcEmployer
JX3ClientX64_exe_net_strings.txt	0x00820F10	ascii	KVideoReplayer::OnMatchPoint
JX3ClientX64_exe_net_strings.txt	0x00820F80	ascii	KVideoReplayer::OnCompetitionBaseData
JX3ClientX64_exe_net_strings.txt	0x00821108	ascii	KVideoRecorder::PostReplayData
JX3ClientX64_exe_net_strings.txt	0x00821588	ascii	Replays
JX3ClientX64_exe_net_strings.txt	0x00821610	ascii	replay -load
JX3ClientX64_exe_net_strings.txt	0x00821650	ascii	replay -logic ready
JX3ClientX64_exe_net_strings.txt	0x008216D0	ascii	KVideoManager::ProcessReplayFileData
JX3ClientX64_exe_net_strings.txt	0x0083AD90	ascii	KWorldEventAdaptor::OnTransferReplayFileData
JX3ClientX64_exe_net_strings.txt	0x0083ADC0	ascii	KWorldEventAdaptor::OnTransferReplayHeaderData
JX3ClientX64_exe_net_strings.txt	0x0083B3E8	ascii	KWorldEventAdaptor::PostReplayData
JX3ClientX64_exe_net_strings.txt	0x0083BDB0	ascii	KWorldRepresentAgent::OnPostReplayHeaderData
JX3ClientX64_exe_net_strings.txt	0x00841BA8	ascii	ProcessModifySkillCastFlag
JX3ClientX64_exe_net_strings.txt	0x00849808	ascii	KProtocolReplayer::Pop
JX3ClientX64_exe_net_strings.txt	0x00849840	ascii	KProtocolReplayer::Cache
JX3ClientX64_exe_net_strings.txt	0x00849860	ascii	KProtocolReplayer::OpenFileByIndex
JX3ClientX64_exe_net_strings.txt	0x00849888	ascii	[Replay] Failed to open file: %s
JX3ClientX64_exe_net_strings.txt	0x008498B0	ascii	KRecorderToolsReplay::GetTickCount
JX3ClientX64_exe_net_strings.txt	0x008498D8	ascii	KRecorderToolsReplay::GetTime
JX3ClientX64_exe_net_strings.txt	0x008498F8	ascii	KRecorderToolsReplay::CreateGUID
JX3ClientX64_exe_net_strings.txt	0x00849B70	ascii	KRecorderSceneLoaderReplay::GetCompletedScene
JX3ClientX64_exe_net_strings.txt	0x00849DD0	ascii	KRecorderSocketClientReplay::Connect
JX3ClientX64_exe_net_strings.txt	0x00849F80	ascii	KRecorderSocketServerReplay::Init
JX3ClientX64_exe_net_strings.txt	0x00849FA8	ascii	KRecorderSocketServerReplay::Wait
JX3ClientX64_exe_net_strings.txt	0x00867980	ascii	SetReplayVideoState
JX3ClientX64_exe_net_strings.txt	0x00867A10	ascii	LoadReplayDataByPath
JX3ClientX64_exe_net_strings.txt	0x00867A38	ascii	LoadReplayDataByID
JX3ClientX64_exe_net_strings.txt	0x00867A50	ascii	LoadReplayDataByFileName
JX3ClientX64_exe_net_strings.txt	0x00867AC0	ascii	GetReplayWorldLogicFrameCount
JX3ClientX64_exe_net_strings.txt	0x00867B48	ascii	m_VideoReplayer.m_bWorkFlag
JX3ClientX64_exe_net_strings.txt	0x00867B88	ascii	KVideoManager::LuaSetReplayVideoState
JX3ClientX64_exe_net_strings.txt	0x00867CB0	ascii	KVideoManager::LuaLoadReplayDataByPath
JX3ClientX64_exe_net_strings.txt	0x00867CE8	ascii	KVideoManager::LuaLoadReplayDataByID
JX3ClientX64_exe_net_strings.txt	0x00867D10	ascii	KVideoManager::LuaLoadReplayDataByFileName
JX3ClientX64_exe_net_strings.txt	0x00867DE0	ascii	KVideoManager::LuaGetReplayWorldLogicFrameCount
JX3ClientX64_exe_net_strings.txt	0x0086CC98	ascii	GetMaxCoolDownStackCount %u Faild!
JX3ClientX64_exe_net_strings.txt	0x0086CCE8	ascii	GetCanAccelerateCooldownFlag %u Faild!
JX3ClientX64_exe_net_strings.txt	0x00875378	ascii	KRecorderSocketStreamReplay::SetTimeout
JX3ClientX64_exe_net_strings.txt	0x008753A0	ascii	KRecorderSocketStreamReplay::Send
JX3ClientX64_exe_net_strings.txt	0x008753C8	ascii	KRecorderSocketStreamReplay::CheckCanRecv
JX3ClientX64_exe_net_strings.txt	0x008753F8	ascii	KRecorderSocketStreamReplay::Recv
JX3ClientX64_exe_net_strings.txt	0x00875440	ascii	KRecorderSocketStreamReplay::IsAlive
JX3ClientX64_exe_net_strings.txt	0x00875468	ascii	KRecorderAsyncSocketStreamReplay::Send
JX3ClientX64_exe_net_strings.txt	0x00875490	ascii	KRecorderAsyncSocketStreamReplay::Recv
JX3ClientX64_exe_net_strings.txt	0x008754C8	ascii	KRecorderAsyncSocketStreamReplay::GetRemoteAddress
JX3ClientX64_exe_net_strings.txt	0x008E5990	ascii	sslv3 rollback attack
JX3ClientX64_exe_net_strings.txt	0x008E9908	ascii	prediction resistance not supported
JX3ClientX64_exe_net_strings.txt	0x0093AB80	ascii	AntiReplay
JX3ClientX64_exe_net_strings.txt	0x0093AD70	ascii	anti_replay
JX3ClientX64_exe_net_strings.txt	0x0093AD80	ascii	no_anti_replay
JX3ClientX64_exe_net_strings.txt	0x00947190	ascii	cannot rollback - no transaction is active
JX3ClientX64_exe_net_strings.txt	0x00A3DA18	ascii	.?AUIProtocolReplayer@@
JX3ClientX64_exe_net_strings.txt	0x00A3DA40	ascii	.?AVKProtocolReplayer@@
JX3ClientX64_exe_net_strings.txt	0x00A3DA68	ascii	.?AVKRecorderToolsReplay@@
JX3ClientX64_exe_net_strings.txt	0x00A3DB08	ascii	.?AVKRecorderSceneLoaderReplay@@
JX3ClientX64_exe_net_strings.txt	0x00A3DBB0	ascii	.?AVKRecorderSocketClientReplay@@
JX3ClientX64_exe_net_strings.txt	0x00A3DC58	ascii	.?AVKRecorderSocketServerReplay@@
JX3ClientX64_exe_net_strings.txt	0x00A3DCF0	ascii	.?AVKRecorderFactoryReplay@@
JX3ClientX64_exe_net_strings.txt	0x00A3DF10	ascii	.?AU?$RollbackImpl@V<lambda_ea966b7af90b0ff54d55f948379c4be9>@@@detail@util@@
JX3ClientX64_exe_net_strings.txt	0x00A3DF70	ascii	.?AU?$RollbackImpl@V<lambda_6be9840325bbbdf14390d4e40029394e>@@@detail@util@@
JX3ClientX64_exe_net_strings.txt	0x00A3DFD0	ascii	.?AU?$RollbackImpl@V<lambda_419042eb3fd157393ed76b0b4f6a8b45>@@@detail@util@@
JX3ClientX64_exe_net_strings.txt	0x00A3E030	ascii	.?AU?$RollbackImpl@V<lambda_6482c18630f94f324860eecae025cb31>@@@detail@util@@
JX3ClientX64_exe_net_strings.txt	0x00A3E1B0	ascii	.?AU?$RollbackImpl@V<lambda_d4d520865f6f2ec43c2966207ec067d0>@@@detail@util@@
JX3ClientX64_exe_net_strings.txt	0x00A3E210	ascii	.?AU?$RollbackImpl@V<lambda_43eaf4335c42a30df11d747fbe829b68>@@@detail@util@@
JX3ClientX64_exe_net_strings.txt	0x00A3F500	ascii	.?AU?$RollbackImpl@V<lambda_ad8d60c2bf9c9e9c6f44cbefae726ad6>@@@detail@util@@
JX3ClientX64_exe_net_strings.txt	0x00A3F560	ascii	.?AU?$RollbackImpl@V<lambda_440706406a6b60b42f1d6a66773c55d9>@@@detail@util@@
JX3ClientX64_exe_net_strings.txt	0x00A3F7E0	ascii	.?AVKRecorderSocketStreamReplay@@
JX3ClientX64_exe_net_strings.txt	0x00A3F850	ascii	.?AVKRecorderAsyncSocketStreamReplay@@
JX3ClientX64_exe_net_strings.txt	0x00A41F60	ascii	.?AURollback@detail@util@@
JX3ClientX64_exe_net_strings.txt	0x00A42710	ascii	.?AU?$RollbackImpl@V<lambda_317fa4f8cddb5ecb71a3ee084f84a1a0>@@@detail@util@@
JX3ClientX64_exe_net_strings.txt	0x00A42770	ascii	.?AU?$RollbackImpl@V<lambda_0408134beaf946eb36bf4f1edad5d275>@@@detail@util@@
JX3ClientX64_exe_net_strings.txt	0x00A42890	ascii	.?AU?$RollbackImpl@V<lambda_3df797ec71f7528e9a2f33ce9fce4f97>@@@detail@util@@
JX3ClientX64_exe_net_strings.txt	0x007CC8D8	ascii	KGatewayClient::DoQueryMapQueueInfo
JX3ClientX64_exe_net_strings.txt	0x007CCE90	ascii	KGatewayClient::OnSyncMapQueueInfo
JX3ClientX64_exe_net_strings.txt	0x00849808	ascii	KProtocolReplayer::Pop
JX3ClientX64_exe_net_strings.txt	0x00849840	ascii	KProtocolReplayer::Cache
JX3ClientX64_exe_net_strings.txt	0x00849860	ascii	KProtocolReplayer::OpenFileByIndex
JX3ClientX64_exe_net_strings.txt	0x00875378	ascii	KRecorderSocketStreamReplay::SetTimeout
JX3ClientX64_exe_net_strings.txt	0x00A3DA18	ascii	.?AUIProtocolReplayer@@
JX3ClientX64_exe_net_strings.txt	0x00A3DA40	ascii	.?AVKProtocolReplayer@@
JX3ClientX64_exe_net_strings.txt	0x007BB060	ascii	KPlayerClient::DoCharacterSkill
JX3ClientX64_exe_net_strings.txt	0x007BB780	ascii	KPlayerClient::DoCastProfessionSkill
JX3ClientX64_exe_net_strings.txt	0x007BC7A0	ascii	KPlayerClient::DoPlayerReviveRequest
JX3ClientX64_exe_net_strings.txt	0x007BD470	ascii	KPlayerClient::DoStartHoardSkill
JX3ClientX64_exe_net_strings.txt	0x007BD498	ascii	KPlayerClient::DoCastHoardSkill
JX3ClientX64_exe_net_strings.txt	0x007BD768	ascii	KPlayerClient::DoComfirmEnterQueueMap
JX3ClientX64_exe_net_strings.txt	0x007BD790	ascii	KPlayerClient::DoLeaveMapQueue
JX3ClientX64_exe_net_strings.txt	0x007BE098	ascii	KPlayerClient::DoGetBFRankRequest
JX3ClientX64_exe_net_strings.txt	0x007BE138	ascii	KPlayerClient::DoLeaveArenaVisitorQueueRequest
JX3ClientX64_exe_net_strings.txt	0x007BE168	ascii	KPlayerClient::DoJoinArenaVisitorQueueRequest
JX3ClientX64_exe_net_strings.txt	0x007BE288	ascii	KPlayerClient::DoSyncOBCompetitorSkillList
JX3ClientX64_exe_net_strings.txt	0x007BE338	ascii	KPlayerClient::DoApplyBFRoleData
JX3ClientX64_exe_net_strings.txt	0x007BE360	ascii	KPlayerClient::DoApplyBFRoleWeekData
JX3ClientX64_exe_net_strings.txt	0x007BE570	ascii	KPlayerClient::DoApplyBFPlayerTeamGroupIDInfo
JX3ClientX64_exe_net_strings.txt	0x007BE5A0	ascii	KPlayerClient::DoSyncBattlefieldCompetitorSkillCDStateRequest
JX3ClientX64_exe_net_strings.txt	0x007BE5E0	ascii	KPlayerClient::DoCancelSyncBattlefieldCompetitorSkillCDStateRequest
JX3ClientX64_exe_net_strings.txt	0x007BE628	ascii	KPlayerClient::DoSyncBattlefieldCompetitorsListRequest
JX3ClientX64_exe_net_strings.txt	0x007BFE88	ascii	KPlayerClient::OnSyncMoveCtrl
JX3ClientX64_exe_net_strings.txt	0x007BFEA8	ascii	KPlayerClient::OnSyncMoveParam
JX3ClientX64_exe_net_strings.txt	0x007BFEF0	ascii	KPlayerClient::OnSyncMoveState
JX3ClientX64_exe_net_strings.txt	0x007BFF10	ascii	KPlayerClient::OnCharacterDeath
JX3ClientX64_exe_net_strings.txt	0x007C02E0	ascii	KPlayerClient::OnSkillPrepare
JX3ClientX64_exe_net_strings.txt	0x007C0300	ascii	KPlayerClient::OnSkillChannel
JX3ClientX64_exe_net_strings.txt	0x007C0350	ascii	KPlayerClient::OnSkillCast
JX3ClientX64_exe_net_strings.txt	0x007C03C8	ascii	KPlayerClient::OnResetCooldown
JX3ClientX64_exe_net_strings.txt	0x007C03E8	ascii	KPlayerClient::OnCoolDownOverDraftNotify
JX3ClientX64_exe_net_strings.txt	0x007C0418	ascii	KPlayerClient::OnSkillChainEffect
JX3ClientX64_exe_net_strings.txt	0x007C0440	ascii	KPlayerClient::OnSkillRayEffect
JX3ClientX64_exe_net_strings.txt	0x007C0460	ascii	KPlayerClient::OnSkillEffectResult
JX3ClientX64_exe_net_strings.txt	0x007C04C0	ascii	nSize == sizeof(S2C_SKILL_EFFECT_RESULT) + sizeof(S2C_SKILL_EFFECT_RESULT::KSKILL_RESULT) * pSkillResult->cResultCount
JX3ClientX64_exe_net_strings.txt	0x007C0538	ascii	pSkillResult->cResultCount < MAX_UI_SKILL_RESULT_TYPE_COUNT
JX3ClientX64_exe_net_strings.txt	0x007C0578	ascii	KPlayerClient::OnSyncBehitRepresent
JX3ClientX64_exe_net_strings.txt	0x007C05A0	ascii	KPlayerClient::OnPointChainSkillEffect
JX3ClientX64_exe_net_strings.txt	0x007C0620	ascii	KPlayerClient::OnSyncBuffList
JX3ClientX64_exe_net_strings.txt	0x007C0680	ascii	KPlayerClient::OnSyncBuffSingle
JX3ClientX64_exe_net_strings.txt	0x007C0710	ascii	KPlayerClient::OnSkillBeatBack
JX3ClientX64_exe_net_strings.txt	0x007C0758	ascii	KPlayerClient::OnSyncSelfCurrentLMRS
JX3ClientX64_exe_net_strings.txt	0x007C0780	ascii	KPlayerClient::OnSyncSelfCurrentSprintPower
JX3ClientX64_exe_net_strings.txt	0x007C0858	ascii	KPlayerClient::OnBroadcastCharacterLife
JX3ClientX64_exe_net_strings.txt	0x007C1BC0	ascii	KPlayerClient::OnSyncFightflagList
JX3ClientX64_exe_net_strings.txt	0x007C1F00	ascii	KPlayerClient::OnSyncSelfCurrentST
JX3ClientX64_exe_net_strings.txt	0x007C1FF8	ascii	KPlayerClient::OnSetForce
JX3ClientX64_exe_net_strings.txt	0x007C2018	ascii	KPlayerClient::OnSetBattleFieldSide
JX3ClientX64_exe_net_strings.txt	0x007C21F0	ascii	KPlayerClient::OnSyncForceId
JX3ClientX64_exe_net_strings.txt	0x007C22C8	ascii	KPlayerClient::OnSyncPKState
JX3ClientX64_exe_net_strings.txt	0x007C2678	ascii	KPlayerClient::OnSyncPlayerStateInfo
JX3ClientX64_exe_net_strings.txt	0x007C2BC0	ascii	KPlayerClient::OnArenaNotify
JX3ClientX64_exe_net_strings.txt	0x007C2BF0	ascii	KPlayerClient::OnSyncArenaStatistics
JX3ClientX64_exe_net_strings.txt	0x007C2C98	ascii	KPlayerClient::OnSyncCampInfo
JX3ClientX64_exe_net_strings.txt	0x007C3A88	ascii	KPlayerClient::OnSetCamp
JX3ClientX64_exe_net_strings.txt	0x007C5BF8	ascii	KPlayerClient::OnStartHoardSkill
JX3ClientX64_exe_net_strings.txt	0x007C61A8	ascii	KPlayerClient::OnSyncSceneKillersSet
JX3ClientX64_exe_net_strings.txt	0x007C6208	ascii	KPlayerClient::OnSyncSceneCampTypeToPlayer
JX3ClientX64_exe_net_strings.txt	0x007C6380	ascii	KPlayerClient::OnSyncArenaLevel
JX3ClientX64_exe_net_strings.txt	0x007C63C0	ascii	KPlayerClient::OnSyncArenaPlayerList
JX3ClientX64_exe_net_strings.txt	0x007C63F8	ascii	KPlayerClient::OnSyncArenaCompetitorList
JX3ClientX64_exe_net_strings.txt	0x007C6428	ascii	KPlayerClient::OnSyncBaseInfoFromBattlefieldCompetitorList
JX3ClientX64_exe_net_strings.txt	0x007C6468	ascii	KPlayerClient::OnSyncVariableInfoFromBattlefieldCompetitorList
JX3ClientX64_exe_net_strings.txt	0x007C6750	ascii	KPlayerClient::OnPauseCDTimer
JX3ClientX64_exe_net_strings.txt	0x007C6770	ascii	KPlayerClient::OnPauseBuffTimer
JX3ClientX64_exe_net_strings.txt	0x007C6790	ascii	KPlayerClient::OnAccelerateCDTimer
JX3ClientX64_exe_net_strings.txt	0x007C67B8	ascii	KPlayerClient::OnChangeImmunityCastIDNotify
JX3ClientX64_exe_net_strings.txt	0x007C68F8	ascii	KPlayerClient::OnBeginProxySkillList
JX3ClientX64_exe_net_strings.txt	0x007C6980	ascii	KPlayerClient::OnSyncProxySkillInfo
JX3ClientX64_exe_net_strings.txt	0x007C69A8	ascii	KPlayerClient::OnEndProxySkillList
JX3ClientX64_exe_net_strings.txt	0x007C69D0	ascii	KPlayerClient::OnClearProxySkillList
JX3ClientX64_exe_net_strings.txt	0x007C71B0	ascii	KPlayerClient::OnSyncArenaCompetitorCDState
JX3ClientX64_exe_net_strings.txt	0x007C7328	ascii	KPlayerClient::OnSyncArenaVisitorCount
JX3ClientX64_exe_net_strings.txt	0x007C7530	ascii	KPlayerClient::OnGetBFRankRespond
JX3ClientX64_exe_net_strings.txt	0x007C77B0	ascii	KPlayerClient::OnSyncStealthCharacter
JX3ClientX64_exe_net_strings.txt	0x007C78E0	ascii	KPlayerClient::OnSyncBFRoleData
JX3ClientX64_exe_net_strings.txt	0x007C7D70	ascii	KPlayerClient::OnSyncRelationAllEnemyExceptTeam
JX3ClientX64_exe_net_strings.txt	0x007C7FB0	ascii	KPlayerClient::OnSyncBattlefieldCompetitorCDState
JX3ClientX64_exe_net_strings.txt	0x007C7FE8	ascii	KPlayerClient::OnSyncBattlefieldCompetitorBuffList
JX3ClientX64_exe_net_strings.txt	0x007C82E8	ascii	KPlayerClient::OnCreateArenaRoomRespond
JX3ClientX64_exe_net_strings.txt	0x007C8340	ascii	KPlayerClient::OnCreateBattlefieldRoomRespond
JX3ClientX64_exe_net_strings.txt	0x007C83A8	ascii	KPlayerClient::OnForceStartBattleFieldChaosFightRespond
JX3ClientX64_exe_net_strings.txt	0x007C8540	ascii	KPlayerClient::OnCampPlantCommanderInfoRespond
JX3ClientX64_exe_net_strings.txt	0x007C85C0	ascii	KPlayerClient::OnCampPlantExploitRespond
JX3ClientX64_exe_net_strings.txt	0x007C8638	ascii	KPlayerClient::OnCampPlantInstructionRespond
JX3ClientX64_exe_net_strings.txt	0x007C86B8	ascii	KPlayerClient::OnCampPlantOBGlobalDataRespond
JX3ClientX64_exe_net_strings.txt	0x007C8740	ascii	KPlayerClient::OnCampPlantOBListDataRespond
JX3ClientX64_exe_net_strings.txt	0x007C90A8	ascii	KPlayerClient::OnChangeMultiImmunityCastIDNotify
JX3ClientX64_exe_net_strings.txt	0x007C9308	ascii	KPlayerClient::OnPVEDamageStatNotify
JX3ClientX64_exe_net_strings.txt	0x007C9368	ascii	KPlayerClient::OnSyncBattleStatFlag
JX3ClientX64_exe_net_strings.txt	0x007CA0B8	ascii	KPlayerClient::OnSyncTargetOutputDamage
JX3ClientX64_exe_net_strings.txt	0x007CA4C8	ascii	KPlayerClient::OnSyncPlayerOperationMask
JX3ClientX64_exe_net_strings.txt	0x007CA668	ascii	KPlayerClient::OnBroadcastKillInfo
JX3ClientX64_exe_net_strings.txt	0x007CC158	ascii	pReplayer
JX3ClientX64_exe_net_strings.txt	0x007CCE90	ascii	KGatewayClient::OnSyncMapQueueInfo
JX3ClientX64_exe_net_strings.txt	0x007E0BF8	ascii	BF_QUEUE_COUNTDOWN_BUFF
JX3ClientX64_exe_net_strings.txt	0x007F2BA8	ascii	GetCoolDownFrame
JX3ClientX64_exe_net_strings.txt	0x007F3510	ascii	CastSkill
JX3ClientX64_exe_net_strings.txt	0x007F3520	ascii	CastSkillXYZ
JX3ClientX64_exe_net_strings.txt	0x007F36E0	ascii	GetItemCoolDown
JX3ClientX64_exe_net_strings.txt	0x007F4280	ascii	ReloadCoolDown
JX3ClientX64_exe_net_strings.txt	0x007F4D60	ascii	GetAllBFPlayerTeamGroupID
JX3ClientX64_exe_net_strings.txt	0x007F63D0	ascii	CanCastSkill
JX3ClientX64_exe_net_strings.txt	0x007F6A10	ascii	CheckCoolDown1
JX3ClientX64_exe_net_strings.txt	0x007F6A20	ascii	CheckCoolDown2
JX3ClientX64_exe_net_strings.txt	0x007F6A30	ascii	CheckCoolDown3
JX3ClientX64_exe_net_strings.txt	0x007F6A40	ascii	CoolDown1
JX3ClientX64_exe_net_strings.txt	0x007F6A50	ascii	CoolDown2
JX3ClientX64_exe_net_strings.txt	0x007F6A60	ascii	CoolDown3
JX3ClientX64_exe_net_strings.txt	0x007F6A70	ascii	MinCoolDown1
JX3ClientX64_exe_net_strings.txt	0x007F6A80	ascii	MinCoolDown2
JX3ClientX64_exe_net_strings.txt	0x007F6A90	ascii	MinCoolDown3
JX3ClientX64_exe_net_strings.txt	0x007F6AA0	ascii	MaxCoolDown1
JX3ClientX64_exe_net_strings.txt	0x007F6AB0	ascii	MaxCoolDown2
JX3ClientX64_exe_net_strings.txt	0x007F6AC0	ascii	MaxCoolDown3
JX3ClientX64_exe_net_strings.txt	0x007F82D0	ascii	KScriptFuncList::LuaGetCoolDownFrame
JX3ClientX64_exe_net_strings.txt	0x007FA148	ascii	KScriptFuncList::LuaCastSkill
JX3ClientX64_exe_net_strings.txt	0x007FA1A8	ascii	KScriptFuncList::LuaCastSkillXYZ
JX3ClientX64_exe_net_strings.txt	0x007FA608	ascii	dwCoolDownID
JX3ClientX64_exe_net_strings.txt	0x007FA728	ascii	g_pSO3World->m_VideoManager.m_VideoReplayer.m_bWorkFlag
JX3ClientX64_exe_net_strings.txt	0x007FA7F0	ascii	KScriptFuncList::LuaGetItemCoolDown
JX3ClientX64_exe_net_strings.txt	0x007FD478	ascii	KScriptFuncList::LuaGetAllBFPlayerTeamGroupID
JX3ClientX64_exe_net_strings.txt	0x00803EE8	ascii	CooldownID
JX3ClientX64_exe_net_strings.txt	0x00805410	ascii	AuctionNormalLookupCoolDownID
JX3ClientX64_exe_net_strings.txt	0x00805430	ascii	AuctionPriceLookupCoolDownID
JX3ClientX64_exe_net_strings.txt	0x00805450	ascii	AuctionDetailLookupCoolDownID
JX3ClientX64_exe_net_strings.txt	0x00805470	ascii	AuctionSellLookupCoolDownID
JX3ClientX64_exe_net_strings.txt	0x00805490	ascii	AuctionAvgPriceLookupCoolDownID
JX3ClientX64_exe_net_strings.txt	0x008054B0	ascii	AuctionGMAvgLookupCoolDownID
JX3ClientX64_exe_net_strings.txt	0x008054D0	ascii	AuctionGMNormalCoolDownID
JX3ClientX64_exe_net_strings.txt	0x008054F0	ascii	AuctionGMPriceLookupCoolDownID
JX3ClientX64_exe_net_strings.txt	0x00805510	ascii	AuctionBidCoolDownID
JX3ClientX64_exe_net_strings.txt	0x00805BE8	ascii	ApplyFellowshipPushListCoolDownID
JX3ClientX64_exe_net_strings.txt	0x00805D10	ascii	SetNameCardSkinCoolDownID
JX3ClientX64_exe_net_strings.txt	0x008062E0	ascii	SceneChannelCoolDownID
JX3ClientX64_exe_net_strings.txt	0x008062F8	ascii	WorldChannelCoolDownID
JX3ClientX64_exe_net_strings.txt	0x00806310	ascii	ForceChannelCoolDownID
JX3ClientX64_exe_net_strings.txt	0x00806328	ascii	CampChannelCoolDownID
JX3ClientX64_exe_net_strings.txt	0x00806340	ascii	MentorChannelCoolDownID
JX3ClientX64_exe_net_strings.txt	0x00806358	ascii	FriendsChannelCoolDownID
JX3ClientX64_exe_net_strings.txt	0x00806378	ascii	IdentityChannelCoolDownID
JX3ClientX64_exe_net_strings.txt	0x00806398	ascii	NearbyChannelCoolDownID
JX3ClientX64_exe_net_strings.txt	0x008063B0	ascii	ApplyThreatRankListCoolDownID
JX3ClientX64_exe_net_strings.txt	0x00806520	ascii	CallScriptCoolDownID
JX3ClientX64_exe_net_strings.txt	0x00807D30	ascii	GetRestoreListCoolDownTime
JX3ClientX64_exe_net_strings.txt	0x00809408	ascii	dwCoolDownID > 0
JX3ClientX64_exe_net_strings.txt	0x0080C3D8	ascii	SkillCastFlag
JX3ClientX64_exe_net_strings.txt	0x0080C3E8	ascii	nRetCode && "Get SkillCastFlag"
JX3ClientX64_exe_net_strings.txt	0x0080EE08	ascii	KSkillManager::LoadSkillCastDependencies
JX3ClientX64_exe_net_strings.txt	0x0080EF40	ascii	CoolDownAdd%d
JX3ClientX64_exe_net_strings.txt	0x0080F4F0	ascii	pbCanCastSkill
JX3ClientX64_exe_net_strings.txt	0x0080F710	ascii	bCanCastSkill
JX3ClientX64_exe_net_strings.txt	0x0080FA48	ascii	dwSkillCastFlag
JX3ClientX64_exe_net_strings.txt	0x00813090	ascii	KPlayerDamageStat::AddData
JX3ClientX64_exe_net_strings.txt	0x008130B0	ascii	pSkillResult
JX3ClientX64_exe_net_strings.txt	0x00813110	ascii	KPlayerDamageStat::QueryPlayerData
JX3ClientX64_exe_net_strings.txt	0x00813138	ascii	KPlayerDamageStat::QueryNpcData
JX3ClientX64_exe_net_strings.txt	0x00813158	ascii	KPlayerDamageStat::QueryReceiveData
JX3ClientX64_exe_net_strings.txt	0x00813180	ascii	KPlayerDamageStat::QuerySkillData
JX3ClientX64_exe_net_strings.txt	0x008131A8	ascii	KPlayerDamageStat::StatSkillData
JX3ClientX64_exe_net_strings.txt	0x008131D0	ascii	KPlayerDamageStat::SetupPVEStatParam
JX3ClientX64_exe_net_strings.txt	0x008132A0	ascii	KPlayerDamageStat::ReportPVEStat
JX3ClientX64_exe_net_strings.txt	0x00813450	ascii	KPlayerDamageStat::Update
JX3ClientX64_exe_net_strings.txt	0x00813470	ascii	KPlayerDamageStat::TeammateIn
JX3ClientX64_exe_net_strings.txt	0x00813490	ascii	KPlayerDamageStat::CheckSrcAndDst
JX3ClientX64_exe_net_strings.txt	0x00820190	ascii	KVideoReplayer::ProcessReplayData
JX3ClientX64_exe_net_strings.txt	0x008202C8	ascii	KVideoReplayer::ProcessReplayHeaderData
JX3ClientX64_exe_net_strings.txt	0x00820330	ascii	KVideoReplayer::SetState
JX3ClientX64_exe_net_strings.txt	0x008203B0	ascii	KVideoReplayer::AddCompetitor
JX3ClientX64_exe_net_strings.txt	0x008203E0	ascii	KVideoReplayer::ProcessPackage
JX3ClientX64_exe_net_strings.txt	0x00820470	ascii	KVideoReplayer::OnSyncSkillData
JX3ClientX64_exe_net_strings.txt	0x008204C8	ascii	KVideoReplayer::OnSyncSkillRecipe
JX3ClientX64_exe_net_strings.txt	0x00820528	ascii	KVideoReplayer::OnDeleteSkillRecipe
JX3ClientX64_exe_net_strings.txt	0x008205C0	ascii	KVideoReplayer::OnResetCooldown
JX3ClientX64_exe_net_strings.txt	0x00820638	ascii	KVideoReplayer::OnCoolDownOverDraftNotify
JX3ClientX64_exe_net_strings.txt	0x008206D0	ascii	KVideoReplayer::OnSyncArenaCompetitorCDState
JX3ClientX64_exe_net_strings.txt	0x00820778	ascii	KVideoReplayer::OnPauseCDTimer
JX3ClientX64_exe_net_strings.txt	0x008207F0	ascii	KVideoReplayer::OnAccelerateCDTimer
JX3ClientX64_exe_net_strings.txt	0x00820880	ascii	KVideoReplayer::OnSyncArenaCompetitorList
JX3ClientX64_exe_net_strings.txt	0x00820930	ascii	KVideoReplayer::OnSyncArenaCompetitorTalentData
JX3ClientX64_exe_net_strings.txt	0x008209A0	ascii	KVideoReplayer::OnSyncArenaCompetitorEquipBoxInfo
JX3ClientX64_exe_net_strings.txt	0x00820A30	ascii	KVideoReplayer::OnRemoteLuaCall
JX3ClientX64_exe_net_strings.txt	0x00820A90	ascii	KVideoReplayer::OnSyncArenaCompetitorBaseData
JX3ClientX64_exe_net_strings.txt	0x00820AF8	ascii	KVideoReplayer::OnUIDataBuffSingle
JX3ClientX64_exe_net_strings.txt	0x00820B48	ascii	KVideoReplayer::OnUIDataBuffList
JX3ClientX64_exe_net_strings.txt	0x00820B98	ascii	KVideoReplayer::OnUIDataSkillCastLog
JX3ClientX64_exe_net_strings.txt	0x00820BC0	ascii	nSize == sizeof(KUIEventSkillCastLog)
JX3ClientX64_exe_net_strings.txt	0x00820BE8	ascii	KVideoReplayer::OnUIDataSKillChannelProgress
JX3ClientX64_exe_net_strings.txt	0x00820C40	ascii	KVideoReplayer::OnUIDataSkillPrepareProgress
JX3ClientX64_exe_net_strings.txt	0x00820C70	ascii	KVideoReplayer::OnUIDataSkillHoardProgress
JX3ClientX64_exe_net_strings.txt	0x00820CA0	ascii	KVideoReplayer::OnCompetitorSkillOTActionState
JX3ClientX64_exe_net_strings.txt	0x00820CD0	ascii	KVideoReplayer::OnSyncArenaStatistics
JX3ClientX64_exe_net_strings.txt	0x00820D30	ascii	KVideoReplayer::OnSyncBattlefieldStatistics
JX3ClientX64_exe_net_strings.txt	0x00820D98	ascii	KVideoReplayer::OnArenaVideoStart
JX3ClientX64_exe_net_strings.txt	0x00820DF0	ascii	KVideoReplayer::OnArenaEnd
JX3ClientX64_exe_net_strings.txt	0x00820E30	ascii	KVideoReplayer::OnSyncArenaNewCompetitor
JX3ClientX64_exe_net_strings.txt	0x00820E60	ascii	KVideoReplayer::OnSyncArenaCompetitorState
JX3ClientX64_exe_net_strings.txt	0x00820EC0	ascii	KVideoReplayer::OnNpcEmployer
JX3ClientX64_exe_net_strings.txt	0x00820F10	ascii	KVideoReplayer::OnMatchPoint
JX3ClientX64_exe_net_strings.txt	0x00820F80	ascii	KVideoReplayer::OnCompetitionBaseData
JX3ClientX64_exe_net_strings.txt	0x00821078	ascii	KVideoRecorder::RecordCompetitorSkillOTActionState
JX3ClientX64_exe_net_strings.txt	0x00823FE0	ascii	KBattlefieldCache::AddNextSyncTime
JX3ClientX64_exe_net_strings.txt	0x008247E8	ascii	KCURLManager::DoPVEReportDamageStatRequest
JX3ClientX64_exe_net_strings.txt	0x0082D478	ascii	KCharacter::CastSkill
JX3ClientX64_exe_net_strings.txt	0x0082D518	ascii	KCharacter::CastSkillXYZ
JX3ClientX64_exe_net_strings.txt	0x0082D540	ascii	[KCharacter::CastSkillXYZ] Skill(%u,%u) IsPlayer:%u Map:%u not exist
JX3ClientX64_exe_net_strings.txt	0x0082DC40	ascii	KCharacter::OnSkillMove
JX3ClientX64_exe_net_strings.txt	0x0082DCC0	ascii	KCharacter::OnSpecialSkillMove
JX3ClientX64_exe_net_strings.txt	0x0082DD58	ascii	KCharacter::DoSkillHoard
JX3ClientX64_exe_net_strings.txt	0x0082DE20	ascii	KCharacter::OnSkillPrepare
JX3ClientX64_exe_net_strings.txt	0x0082DE40	ascii	KCharacter::OnSkillChannel
JX3ClientX64_exe_net_strings.txt	0x0082DE88	ascii	KCharacter::OnSkillHoard
JX3ClientX64_exe_net_strings.txt	0x0082DF28	ascii	KCharacter::OnSkillChannelOTActionEnd
JX3ClientX64_exe_net_strings.txt	0x0082DF50	ascii	[KCharacter::OnSkillChannelOTActionEnd] m_bOnOTActionEnd skill:(%u, %u)
JX3ClientX64_exe_net_strings.txt	0x0082EFF0	ascii	pCoolDownInfo
JX3ClientX64_exe_net_strings.txt	0x0083BB58	ascii	KWorldRepresentAgent::OnSkillEffectResult
JX3ClientX64_exe_net_strings.txt	0x00841BA8	ascii	ProcessModifySkillCastFlag
JX3ClientX64_exe_net_strings.txt	0x00841C58	ascii	ProcessClearCoolDown
JX3ClientX64_exe_net_strings.txt	0x00849808	ascii	KProtocolReplayer::Pop
JX3ClientX64_exe_net_strings.txt	0x00849840	ascii	KProtocolReplayer::Cache
JX3ClientX64_exe_net_strings.txt	0x00849860	ascii	KProtocolReplayer::OpenFileByIndex
JX3ClientX64_exe_net_strings.txt	0x0084A0F8	ascii	KCharacter::LuaCastSkillXYZ
JX3ClientX64_exe_net_strings.txt	0x0084A118	ascii	[LuaCastSkillXYZ] nX < 0 || nY < 0 skill(%u, %u) (%d, %d, %d)
JX3ClientX64_exe_net_strings.txt	0x0084A158	ascii	KCharacter::LuaCastSkill
JX3ClientX64_exe_net_strings.txt	0x0084E458	ascii	GetSkillPrepare
JX3ClientX64_exe_net_strings.txt	0x0084E468	ascii	GetSkillChannel
JX3ClientX64_exe_net_strings.txt	0x0084E478	ascii	GetSkillChannelInterval
JX3ClientX64_exe_net_strings.txt	0x00850C60	ascii	GetOverDraftCoolDown
JX3ClientX64_exe_net_strings.txt	0x00851560	ascii	CancelSyncBattlefieldCompetitorSkillCDState
JX3ClientX64_exe_net_strings.txt	0x00853E98	ascii	KPlayer::LuaGetSkillPrepare
JX3ClientX64_exe_net_strings.txt	0x00853EB8	ascii	KPlayer::LuaGetSkillChannel
JX3ClientX64_exe_net_strings.txt	0x00853ED8	ascii	KPlayer::LuaGetSkillChannelInterval
JX3ClientX64_exe_net_strings.txt	0x00858948	ascii	KPlayer::LuaGetOverDraftCoolDown
JX3ClientX64_exe_net_strings.txt	0x00859560	ascii	m_pScene->m_BattlefieldCompetitorInfoMap.find(dwPlayerID) != m_pScene->m_BattlefieldCompetitorInfoMap.end()
JX3ClientX64_exe_net_strings.txt	0x008595D0	ascii	KPlayer::LuaCancelSyncBattlefieldCompetitorSkillCDState
JX3ClientX64_exe_net_strings.txt	0x008638E8	ascii	nCampReverseCoolDownTime
JX3ClientX64_exe_net_strings.txt	0x00866C90	ascii	GetBattlefieldPlayersPosInfo
JX3ClientX64_exe_net_strings.txt	0x00867B48	ascii	m_VideoReplayer.m_bWorkFlag
JX3ClientX64_exe_net_strings.txt	0x00868A60	ascii	bAutoTurnOnCast
JX3ClientX64_exe_net_strings.txt	0x00868F58	ascii	SetPublicCoolDown
JX3ClientX64_exe_net_strings.txt	0x00868F70	ascii	GetPublicCoolDown
JX3ClientX64_exe_net_strings.txt	0x00868F88	ascii	SetCheckCoolDown
JX3ClientX64_exe_net_strings.txt	0x00868FA0	ascii	GetCheckCoolDownCount
JX3ClientX64_exe_net_strings.txt	0x00868FB8	ascii	GetCheckCoolDownID
JX3ClientX64_exe_net_strings.txt	0x00868FD0	ascii	SetNormalCoolDown
JX3ClientX64_exe_net_strings.txt	0x00868FE8	ascii	GetNormalCooldownCount
JX3ClientX64_exe_net_strings.txt	0x00869000	ascii	GetNormalCooldownID
JX3ClientX64_exe_net_strings.txt	0x00869610	ascii	KSkill::LuaSetPublicCoolDown
JX3ClientX64_exe_net_strings.txt	0x00869630	ascii	KSkill::LuaSetCheckCoolDown
JX3ClientX64_exe_net_strings.txt	0x00869650	ascii	nCoolDownIndex >= 0
JX3ClientX64_exe_net_strings.txt	0x00869668	ascii	nCoolDownIndex < MAX_SKILL_CHECKONLY_COOL_DOWN_TIMER
JX3ClientX64_exe_net_strings.txt	0x008696A0	ascii	KSkill::LuaGetCheckCoolDownID
JX3ClientX64_exe_net_strings.txt	0x008696C0	ascii	KSkill::LuaSetNormalCoolDown
JX3ClientX64_exe_net_strings.txt	0x008696E0	ascii	nCoolDownIndex < MAX_SKILL_COOL_DOWN_TIMER
JX3ClientX64_exe_net_strings.txt	0x00869710	ascii	KSkill::LuaGetNormalCooldownID
JX3ClientX64_exe_net_strings.txt	0x0086C930	ascii	CoolDownList.tab
JX3ClientX64_exe_net_strings.txt	0x0086C948	ascii	KCoolDownList::Init
JX3ClientX64_exe_net_strings.txt	0x0086C960	ascii	skill_mobile/CoolDownList.tab
JX3ClientX64_exe_net_strings.txt	0x0086C980	ascii	[KCoolDownList] Reload CoolDownList Start ...
JX3ClientX64_exe_net_strings.txt	0x0086C9B0	ascii	[KCoolDownList] Reload CoolDownList Successful.
JX3ClientX64_exe_net_strings.txt	0x0086C9E0	ascii	[KCoolDownList] Refresh All CoolDown in player CoolDownList ...
JX3ClientX64_exe_net_strings.txt	0x0086CA20	ascii	[KCoolDownList] Refresh All CoolDown in player CoolDownList Successful.
JX3ClientX64_exe_net_strings.txt	0x0086CA68	ascii	KCoolDownList::LoadCoolDownList
JX3ClientX64_exe_net_strings.txt	0x0086CC38	ascii	GetCoolDownValue %u Faild!
JX3ClientX64_exe_net_strings.txt	0x0086CC58	ascii	GetMinCoolDownValue %u Faild!
JX3ClientX64_exe_net_strings.txt	0x0086CC78	ascii	GetMaxCoolDownValue %u Faild!
JX3ClientX64_exe_net_strings.txt	0x0086CC98	ascii	GetMaxCoolDownStackCount %u Faild!
JX3ClientX64_exe_net_strings.txt	0x0086CCC0	ascii	GetMaxCoolDownOverDraftCount %u Faild!
JX3ClientX64_exe_net_strings.txt	0x0086CCE8	ascii	GetCanAccelerateCooldownFlag %u Faild!
JX3ClientX64_exe_net_strings.txt	0x0086CD10	ascii	GetCoolDownInfo %u Faild!
JX3ClientX64_exe_net_strings.txt	0x0086D318	ascii	CoolDownID
JX3ClientX64_exe_net_strings.txt	0x00875468	ascii	KRecorderAsyncSocketStreamReplay::Send
JX3ClientX64_exe_net_strings.txt	0x00875490	ascii	KRecorderAsyncSocketStreamReplay::Recv
JX3ClientX64_exe_net_strings.txt	0x008754C8	ascii	KRecorderAsyncSocketStreamReplay::GetRemoteAddress
JX3ClientX64_exe_net_strings.txt	0x00A3DA18	ascii	.?AUIProtocolReplayer@@
JX3ClientX64_exe_net_strings.txt	0x00A3DA40	ascii	.?AVKProtocolReplayer@@
JX3ClientX64_exe_net_strings.txt	0x00A3DCF0	ascii	.?AVKRecorderFactoryReplay@@
JX3ClientX64_exe_net_strings.txt	0x00A3F850	ascii	.?AVKRecorderAsyncSocketStreamReplay@@
JX3LogicEditOperation_net_strings.txt	0x00771420	ascii	KPlayerClient::OnSkillChannel
JX3LogicEditOperation_net_strings.txt	0x007A5328	ascii	KCharacter::OnSkillChannelOTActionEnd
JX3LogicEditOperation_net_strings.txt	0x007A5350	ascii	[KCharacter::OnSkillChannelOTActionEnd] m_bOnOTActionEnd skill:(%u, %u)
JX3LogicEditOperation_net_strings.txt	0x007ABC08	ascii	SceneChannelCoolDownID
JX3LogicEditOperation_net_strings.txt	0x007ABC28	ascii	WorldChannelCoolDownID
JX3LogicEditOperation_net_strings.txt	0x007ABC40	ascii	ForceChannelCoolDownID
JX3LogicEditOperation_net_strings.txt	0x007ABC58	ascii	CampChannelCoolDownID
JX3LogicEditOperation_net_strings.txt	0x007ABC70	ascii	MentorChannelCoolDownID
JX3LogicEditOperation_net_strings.txt	0x007ABC88	ascii	FriendsChannelCoolDownID
JX3LogicEditOperation_net_strings.txt	0x007ABCA8	ascii	IdentityChannelCoolDownID
JX3LogicEditOperation_net_strings.txt	0x007ABCC8	ascii	NearbyChannelCoolDownID
JX3LogicEditOperation_net_strings.txt	0x007AF6C8	ascii	KRecorderSocketClientReplay::Connect
JX3LogicEditOperation_net_strings.txt	0x007AF878	ascii	KRecorderSocketServerReplay::Init
JX3LogicEditOperation_net_strings.txt	0x007AF8A0	ascii	KRecorderSocketServerReplay::Wait
JX3LogicEditOperation_net_strings.txt	0x007B2F48	ascii	KVideoReplayer::OnUIDataSKillChannelProgress
JX3LogicEditOperation_net_strings.txt	0x007DF2B0	ascii	GetSkillChannel
JX3LogicEditOperation_net_strings.txt	0x007DF2C0	ascii	GetSkillChannelInterval
JX3LogicEditOperation_net_strings.txt	0x007E4898	ascii	KPlayer::LuaGetSkillChannel
JX3LogicEditOperation_net_strings.txt	0x007E48B8	ascii	KPlayer::LuaGetSkillChannelInterval
JX3LogicEditOperation_net_strings.txt	0x00812980	ascii	KRecorderSocketStreamReplay::SetTimeout
JX3LogicEditOperation_net_strings.txt	0x008129A8	ascii	KRecorderSocketStreamReplay::Send
JX3LogicEditOperation_net_strings.txt	0x008129D0	ascii	KRecorderSocketStreamReplay::CheckCanRecv
JX3LogicEditOperation_net_strings.txt	0x00812A00	ascii	KRecorderSocketStreamReplay::Recv
JX3LogicEditOperation_net_strings.txt	0x00812A48	ascii	KRecorderSocketStreamReplay::IsAlive
JX3LogicEditOperation_net_strings.txt	0x00812A70	ascii	KRecorderAsyncSocketStreamReplay::Send
JX3LogicEditOperation_net_strings.txt	0x00812A98	ascii	KRecorderAsyncSocketStreamReplay::Recv
JX3LogicEditOperation_net_strings.txt	0x00812AD0	ascii	KRecorderAsyncSocketStreamReplay::GetRemoteAddress
JX3LogicEditOperation_net_strings.txt	0x009BC280	ascii	.?AVKRecorderSocketClientReplay@@
JX3LogicEditOperation_net_strings.txt	0x009BC328	ascii	.?AVKRecorderSocketServerReplay@@
JX3LogicEditOperation_net_strings.txt	0x009BD958	ascii	.?AVKRecorderSocketStreamReplay@@
JX3LogicEditOperation_net_strings.txt	0x009BD9C8	ascii	.?AVKRecorderAsyncSocketStreamReplay@@
JX3LogicEditOperation_net_strings.txt	0x0076BA00	ascii	pReplayer
JX3LogicEditOperation_net_strings.txt	0x00771830	ascii	KPlayerClient::OnSkillBeatBack
JX3LogicEditOperation_net_strings.txt	0x00772CE0	ascii	KPlayerClient::OnSyncFightflagList
JX3LogicEditOperation_net_strings.txt	0x0077A418	ascii	KPlayerClient::OnSyncBattleStatFlag
JX3LogicEditOperation_net_strings.txt	0x007804F0	ascii	SkillCastFlag
JX3LogicEditOperation_net_strings.txt	0x00780500	ascii	nRetCode && "Get SkillCastFlag"
JX3LogicEditOperation_net_strings.txt	0x00783CA8	ascii	dwSkillCastFlag
JX3LogicEditOperation_net_strings.txt	0x00796EE8	ascii	Replays
JX3LogicEditOperation_net_strings.txt	0x00796FA0	ascii	replay -load
JX3LogicEditOperation_net_strings.txt	0x00796FE8	ascii	replay -logic ready
JX3LogicEditOperation_net_strings.txt	0x00797068	ascii	KVideoManager::ProcessReplayFileData
JX3LogicEditOperation_net_strings.txt	0x007A70B8	ascii	KWorldEventAdaptor::OnTransferReplayFileData
JX3LogicEditOperation_net_strings.txt	0x007A70E8	ascii	KWorldEventAdaptor::OnTransferReplayHeaderData
JX3LogicEditOperation_net_strings.txt	0x007A73F0	ascii	KWorldEventAdaptor::PostReplayData
JX3LogicEditOperation_net_strings.txt	0x007A7DA8	ascii	KWorldRepresentAgent::OnPostReplayHeaderData
JX3LogicEditOperation_net_strings.txt	0x007A8618	ascii	KVideoRecorder::PostReplayData
JX3LogicEditOperation_net_strings.txt	0x007AA858	ascii	GetMaxCoolDownStackCount %u Faild!
JX3LogicEditOperation_net_strings.txt	0x007AA8A8	ascii	GetCanAccelerateCooldownFlag %u Faild!
JX3LogicEditOperation_net_strings.txt	0x007AE050	ascii	FirstAttackOnCampFoe
JX3LogicEditOperation_net_strings.txt	0x007AF0F0	ascii	KProtocolReplayer::Pop
JX3LogicEditOperation_net_strings.txt	0x007AF128	ascii	KProtocolReplayer::Cache
JX3LogicEditOperation_net_strings.txt	0x007AF158	ascii	KProtocolReplayer::OpenFileByIndex
JX3LogicEditOperation_net_strings.txt	0x007AF180	ascii	[Replay] Failed to open file: %s
JX3LogicEditOperation_net_strings.txt	0x007AF1A8	ascii	KRecorderToolsReplay::GetTickCount
JX3LogicEditOperation_net_strings.txt	0x007AF1D0	ascii	KRecorderToolsReplay::GetTime
JX3LogicEditOperation_net_strings.txt	0x007AF1F0	ascii	KRecorderToolsReplay::CreateGUID
JX3LogicEditOperation_net_strings.txt	0x007AF468	ascii	KRecorderSceneLoaderReplay::GetCompletedScene
JX3LogicEditOperation_net_strings.txt	0x007AF6C8	ascii	KRecorderSocketClientReplay::Connect
JX3LogicEditOperation_net_strings.txt	0x007AF878	ascii	KRecorderSocketServerReplay::Init
JX3LogicEditOperation_net_strings.txt	0x007AF8A0	ascii	KRecorderSocketServerReplay::Wait
JX3LogicEditOperation_net_strings.txt	0x007B2500	ascii	KVideoReplayer::ProcessReplayData
JX3LogicEditOperation_net_strings.txt	0x007B2600	ascii	Replay data index error, expect index: %d but: %d
JX3LogicEditOperation_net_strings.txt	0x007B2638	ascii	KVideoReplayer::ProcessReplayHeaderData
JX3LogicEditOperation_net_strings.txt	0x007B26A0	ascii	KVideoReplayer::SetState
JX3LogicEditOperation_net_strings.txt	0x007B26F0	ascii	replay -pause
JX3LogicEditOperation_net_strings.txt	0x007B2710	ascii	replay -replay
JX3LogicEditOperation_net_strings.txt	0x007B2720	ascii	KVideoReplayer::AddCompetitor
JX3LogicEditOperation_net_strings.txt	0x007B2740	ascii	KVideoReplayer::ProcessPackage
JX3LogicEditOperation_net_strings.txt	0x007B27C8	ascii	KVideoReplayer::OnSyncSkillData
JX3LogicEditOperation_net_strings.txt	0x007B2820	ascii	KVideoReplayer::OnSyncSkillRecipe
JX3LogicEditOperation_net_strings.txt	0x007B2880	ascii	KVideoReplayer::OnDeleteSkillRecipe
JX3LogicEditOperation_net_strings.txt	0x007B2918	ascii	KVideoReplayer::OnResetCooldown
JX3LogicEditOperation_net_strings.txt	0x007B2990	ascii	KVideoReplayer::OnCoolDownOverDraftNotify
JX3LogicEditOperation_net_strings.txt	0x007B2A28	ascii	KVideoReplayer::OnSyncArenaCompetitorCDState
JX3LogicEditOperation_net_strings.txt	0x007B2AD0	ascii	KVideoReplayer::OnPauseCDTimer
JX3LogicEditOperation_net_strings.txt	0x007B2B48	ascii	KVideoReplayer::OnAccelerateCDTimer
JX3LogicEditOperation_net_strings.txt	0x007B2BD8	ascii	KVideoReplayer::OnSyncArenaCompetitorList
JX3LogicEditOperation_net_strings.txt	0x007B2C90	ascii	KVideoReplayer::OnSyncArenaCompetitorTalentData
JX3LogicEditOperation_net_strings.txt	0x007B2D00	ascii	KVideoReplayer::OnSyncArenaCompetitorEquipBoxInfo
JX3LogicEditOperation_net_strings.txt	0x007B2D90	ascii	KVideoReplayer::OnRemoteLuaCall
JX3LogicEditOperation_net_strings.txt	0x007B2DF0	ascii	KVideoReplayer::OnSyncArenaCompetitorBaseData
JX3LogicEditOperation_net_strings.txt	0x007B2E58	ascii	KVideoReplayer::OnUIDataBuffSingle
JX3LogicEditOperation_net_strings.txt	0x007B2EA8	ascii	KVideoReplayer::OnUIDataBuffList
JX3LogicEditOperation_net_strings.txt	0x007B2EF8	ascii	KVideoReplayer::OnUIDataSkillCastLog
JX3LogicEditOperation_net_strings.txt	0x007B2F48	ascii	KVideoReplayer::OnUIDataSKillChannelProgress
JX3LogicEditOperation_net_strings.txt	0x007B2FA0	ascii	KVideoReplayer::OnUIDataSkillPrepareProgress
JX3LogicEditOperation_net_strings.txt	0x007B2FD0	ascii	KVideoReplayer::OnUIDataSkillHoardProgress
JX3LogicEditOperation_net_strings.txt	0x007B3000	ascii	KVideoReplayer::OnCompetitorSkillOTActionState
JX3LogicEditOperation_net_strings.txt	0x007B3030	ascii	KVideoReplayer::OnSyncArenaStatistics
JX3LogicEditOperation_net_strings.txt	0x007B3090	ascii	KVideoReplayer::OnSyncBattlefieldStatistics
JX3LogicEditOperation_net_strings.txt	0x007B30F8	ascii	KVideoReplayer::OnArenaVideoStart
JX3LogicEditOperation_net_strings.txt	0x007B3150	ascii	KVideoReplayer::OnArenaEnd
JX3LogicEditOperation_net_strings.txt	0x007B3190	ascii	KVideoReplayer::OnSyncArenaNewCompetitor
JX3LogicEditOperation_net_strings.txt	0x007B31C0	ascii	KVideoReplayer::OnSyncArenaCompetitorState
JX3LogicEditOperation_net_strings.txt	0x007B3220	ascii	KVideoReplayer::OnNpcEmployer
JX3LogicEditOperation_net_strings.txt	0x007B3270	ascii	KVideoReplayer::OnMatchPoint
JX3LogicEditOperation_net_strings.txt	0x007B32E0	ascii	KVideoReplayer::OnCompetitionBaseData
JX3LogicEditOperation_net_strings.txt	0x007C6D58	ascii	g_pSO3World->m_VideoManager.m_VideoReplayer.m_bWorkFlag
JX3LogicEditOperation_net_strings.txt	0x007D8368	ascii	SetReplayVideoState
JX3LogicEditOperation_net_strings.txt	0x007D83F8	ascii	LoadReplayDataByPath
JX3LogicEditOperation_net_strings.txt	0x007D8420	ascii	LoadReplayDataByID
JX3LogicEditOperation_net_strings.txt	0x007D8438	ascii	LoadReplayDataByFileName
JX3LogicEditOperation_net_strings.txt	0x007D84A8	ascii	GetReplayWorldLogicFrameCount
JX3LogicEditOperation_net_strings.txt	0x007D8530	ascii	m_VideoReplayer.m_bWorkFlag
JX3LogicEditOperation_net_strings.txt	0x007D8570	ascii	KVideoManager::LuaSetReplayVideoState
JX3LogicEditOperation_net_strings.txt	0x007D8698	ascii	KVideoManager::LuaLoadReplayDataByPath
JX3LogicEditOperation_net_strings.txt	0x007D86D0	ascii	KVideoManager::LuaLoadReplayDataByID
JX3LogicEditOperation_net_strings.txt	0x007D86F8	ascii	KVideoManager::LuaLoadReplayDataByFileName
JX3LogicEditOperation_net_strings.txt	0x007D87C8	ascii	KVideoManager::LuaGetReplayWorldLogicFrameCount
JX3LogicEditOperation_net_strings.txt	0x00812980	ascii	KRecorderSocketStreamReplay::SetTimeout
JX3LogicEditOperation_net_strings.txt	0x008129A8	ascii	KRecorderSocketStreamReplay::Send
JX3LogicEditOperation_net_strings.txt	0x008129D0	ascii	KRecorderSocketStreamReplay::CheckCanRecv
JX3LogicEditOperation_net_strings.txt	0x00812A00	ascii	KRecorderSocketStreamReplay::Recv
JX3LogicEditOperation_net_strings.txt	0x00812A48	ascii	KRecorderSocketStreamReplay::IsAlive
JX3LogicEditOperation_net_strings.txt	0x00812A70	ascii	KRecorderAsyncSocketStreamReplay::Send
JX3LogicEditOperation_net_strings.txt	0x00812A98	ascii	KRecorderAsyncSocketStreamReplay::Recv
JX3LogicEditOperation_net_strings.txt	0x00812AD0	ascii	KRecorderAsyncSocketStreamReplay::GetRemoteAddress
JX3LogicEditOperation_net_strings.txt	0x00882470	ascii	sslv3 rollback attack
JX3LogicEditOperation_net_strings.txt	0x008863F8	ascii	prediction resistance not supported
JX3LogicEditOperation_net_strings.txt	0x008D7640	ascii	AntiReplay
JX3LogicEditOperation_net_strings.txt	0x008D7830	ascii	anti_replay
JX3LogicEditOperation_net_strings.txt	0x008D7840	ascii	no_anti_replay
JX3LogicEditOperation_net_strings.txt	0x008E4668	ascii	cannot rollback - no transaction is active
JX3LogicEditOperation_net_strings.txt	0x009BBC28	ascii	.?AURollback@detail@util@@
JX3LogicEditOperation_net_strings.txt	0x009BBCB0	ascii	.?AU?$RollbackImpl@V<lambda_ea966b7af90b0ff54d55f948379c4be9>@@@detail@util@@
JX3LogicEditOperation_net_strings.txt	0x009BBD10	ascii	.?AU?$RollbackImpl@V<lambda_6be9840325bbbdf14390d4e40029394e>@@@detail@util@@
JX3LogicEditOperation_net_strings.txt	0x009BC0E8	ascii	.?AUIProtocolReplayer@@
JX3LogicEditOperation_net_strings.txt	0x009BC110	ascii	.?AVKProtocolReplayer@@
JX3LogicEditOperation_net_strings.txt	0x009BC138	ascii	.?AVKRecorderToolsReplay@@
JX3LogicEditOperation_net_strings.txt	0x009BC1D8	ascii	.?AVKRecorderSceneLoaderReplay@@
JX3LogicEditOperation_net_strings.txt	0x009BC280	ascii	.?AVKRecorderSocketClientReplay@@
JX3LogicEditOperation_net_strings.txt	0x009BC328	ascii	.?AVKRecorderSocketServerReplay@@
JX3LogicEditOperation_net_strings.txt	0x009BC3C0	ascii	.?AVKRecorderFactoryReplay@@
JX3LogicEditOperation_net_strings.txt	0x009BC480	ascii	.?AU?$RollbackImpl@V<lambda_d4d520865f6f2ec43c2966207ec067d0>@@@detail@util@@
JX3LogicEditOperation_net_strings.txt	0x009BC4E0	ascii	.?AU?$RollbackImpl@V<lambda_43eaf4335c42a30df11d747fbe829b68>@@@detail@util@@
JX3LogicEditOperation_net_strings.txt	0x009BC540	ascii	.?AU?$RollbackImpl@V<lambda_ad8d60c2bf9c9e9c6f44cbefae726ad6>@@@detail@util@@
JX3LogicEditOperation_net_strings.txt	0x009BC5A0	ascii	.?AU?$RollbackImpl@V<lambda_440706406a6b60b42f1d6a66773c55d9>@@@detail@util@@
JX3LogicEditOperation_net_strings.txt	0x009BD958	ascii	.?AVKRecorderSocketStreamReplay@@
JX3LogicEditOperation_net_strings.txt	0x009BD9C8	ascii	.?AVKRecorderAsyncSocketStreamReplay@@
JX3LogicEditOperation_net_strings.txt	0x007AF0F0	ascii	KProtocolReplayer::Pop
JX3LogicEditOperation_net_strings.txt	0x007AF128	ascii	KProtocolReplayer::Cache
JX3LogicEditOperation_net_strings.txt	0x007AF158	ascii	KProtocolReplayer::OpenFileByIndex
JX3LogicEditOperation_net_strings.txt	0x00811DD0	ascii	KGatewayClient::OnSyncMapQueueInfo
JX3LogicEditOperation_net_strings.txt	0x00812980	ascii	KRecorderSocketStreamReplay::SetTimeout
JX3LogicEditOperation_net_strings.txt	0x009BC0E8	ascii	.?AUIProtocolReplayer@@
JX3LogicEditOperation_net_strings.txt	0x009BC110	ascii	.?AVKProtocolReplayer@@
JX3LogicEditOperation_net_strings.txt	0x0076BA00	ascii	pReplayer
JX3LogicEditOperation_net_strings.txt	0x0076C360	ascii	KPlayerClient::DoCharacterSkill
JX3LogicEditOperation_net_strings.txt	0x0076C9C0	ascii	KPlayerClient::DoCastProfessionSkill
JX3LogicEditOperation_net_strings.txt	0x0076D978	ascii	KPlayerClient::DoPlayerReviveRequest
JX3LogicEditOperation_net_strings.txt	0x0076E620	ascii	KPlayerClient::DoStartHoardSkill
JX3LogicEditOperation_net_strings.txt	0x0076E648	ascii	KPlayerClient::DoCastHoardSkill
JX3LogicEditOperation_net_strings.txt	0x0076E918	ascii	KPlayerClient::DoComfirmEnterQueueMap
JX3LogicEditOperation_net_strings.txt	0x0076E940	ascii	KPlayerClient::DoLeaveMapQueue
JX3LogicEditOperation_net_strings.txt	0x0076F230	ascii	KPlayerClient::DoGetBFRankRequest
JX3LogicEditOperation_net_strings.txt	0x0076F2D0	ascii	KPlayerClient::DoLeaveArenaVisitorQueueRequest
JX3LogicEditOperation_net_strings.txt	0x0076F300	ascii	KPlayerClient::DoJoinArenaVisitorQueueRequest
JX3LogicEditOperation_net_strings.txt	0x0076F420	ascii	KPlayerClient::DoSyncOBCompetitorSkillList
JX3LogicEditOperation_net_strings.txt	0x0076F4D0	ascii	KPlayerClient::DoApplyBFRoleData
JX3LogicEditOperation_net_strings.txt	0x0076F4F8	ascii	KPlayerClient::DoApplyBFRoleWeekData
JX3LogicEditOperation_net_strings.txt	0x0076F700	ascii	KPlayerClient::DoApplyBFPlayerTeamGroupIDInfo
JX3LogicEditOperation_net_strings.txt	0x0076F730	ascii	KPlayerClient::DoSyncBattlefieldCompetitorSkillCDStateRequest
JX3LogicEditOperation_net_strings.txt	0x0076F770	ascii	KPlayerClient::DoCancelSyncBattlefieldCompetitorSkillCDStateRequest
JX3LogicEditOperation_net_strings.txt	0x0076F7B8	ascii	KPlayerClient::DoSyncBattlefieldCompetitorsListRequest
JX3LogicEditOperation_net_strings.txt	0x00770FA8	ascii	KPlayerClient::OnSyncMoveCtrl
JX3LogicEditOperation_net_strings.txt	0x00770FC8	ascii	KPlayerClient::OnSyncMoveParam
JX3LogicEditOperation_net_strings.txt	0x00771010	ascii	KPlayerClient::OnSyncMoveState
JX3LogicEditOperation_net_strings.txt	0x00771030	ascii	KPlayerClient::OnCharacterDeath
JX3LogicEditOperation_net_strings.txt	0x00771400	ascii	KPlayerClient::OnSkillPrepare
JX3LogicEditOperation_net_strings.txt	0x00771420	ascii	KPlayerClient::OnSkillChannel
JX3LogicEditOperation_net_strings.txt	0x00771470	ascii	KPlayerClient::OnSkillCast
JX3LogicEditOperation_net_strings.txt	0x007714E8	ascii	KPlayerClient::OnResetCooldown
JX3LogicEditOperation_net_strings.txt	0x00771508	ascii	KPlayerClient::OnCoolDownOverDraftNotify
JX3LogicEditOperation_net_strings.txt	0x00771538	ascii	KPlayerClient::OnSkillChainEffect
JX3LogicEditOperation_net_strings.txt	0x00771560	ascii	KPlayerClient::OnSkillRayEffect
JX3LogicEditOperation_net_strings.txt	0x00771580	ascii	KPlayerClient::OnSkillEffectResult
JX3LogicEditOperation_net_strings.txt	0x007715E0	ascii	nSize == sizeof(S2C_SKILL_EFFECT_RESULT) + sizeof(S2C_SKILL_EFFECT_RESULT::KSKILL_RESULT) * pSkillResult->cResultCount
JX3LogicEditOperation_net_strings.txt	0x00771658	ascii	pSkillResult->cResultCount < MAX_UI_SKILL_RESULT_TYPE_COUNT
JX3LogicEditOperation_net_strings.txt	0x00771698	ascii	KPlayerClient::OnSyncBehitRepresent
JX3LogicEditOperation_net_strings.txt	0x007716C0	ascii	KPlayerClient::OnPointChainSkillEffect
JX3LogicEditOperation_net_strings.txt	0x00771740	ascii	KPlayerClient::OnSyncBuffList
JX3LogicEditOperation_net_strings.txt	0x007717A0	ascii	KPlayerClient::OnSyncBuffSingle
JX3LogicEditOperation_net_strings.txt	0x00771830	ascii	KPlayerClient::OnSkillBeatBack
JX3LogicEditOperation_net_strings.txt	0x00771878	ascii	KPlayerClient::OnSyncSelfCurrentLMRS
JX3LogicEditOperation_net_strings.txt	0x007718A0	ascii	KPlayerClient::OnSyncSelfCurrentSprintPower
JX3LogicEditOperation_net_strings.txt	0x00771978	ascii	KPlayerClient::OnBroadcastCharacterLife
JX3LogicEditOperation_net_strings.txt	0x00772CE0	ascii	KPlayerClient::OnSyncFightflagList
JX3LogicEditOperation_net_strings.txt	0x00772FE0	ascii	KPlayerClient::OnSyncSelfCurrentST
JX3LogicEditOperation_net_strings.txt	0x007730D8	ascii	KPlayerClient::OnSetForce
JX3LogicEditOperation_net_strings.txt	0x007730F8	ascii	KPlayerClient::OnSetBattleFieldSide
JX3LogicEditOperation_net_strings.txt	0x007732D0	ascii	KPlayerClient::OnSyncForceId
JX3LogicEditOperation_net_strings.txt	0x007733A8	ascii	KPlayerClient::OnSyncPKState
JX3LogicEditOperation_net_strings.txt	0x00773758	ascii	KPlayerClient::OnSyncPlayerStateInfo
JX3LogicEditOperation_net_strings.txt	0x00773CA0	ascii	KPlayerClient::OnArenaNotify
JX3LogicEditOperation_net_strings.txt	0x00773CD0	ascii	KPlayerClient::OnSyncArenaStatistics
JX3LogicEditOperation_net_strings.txt	0x00773D78	ascii	KPlayerClient::OnSyncCampInfo
JX3LogicEditOperation_net_strings.txt	0x00774B68	ascii	KPlayerClient::OnSetCamp
JX3LogicEditOperation_net_strings.txt	0x00776CB8	ascii	KPlayerClient::OnStartHoardSkill
JX3LogicEditOperation_net_strings.txt	0x00777268	ascii	KPlayerClient::OnSyncSceneKillersSet
JX3LogicEditOperation_net_strings.txt	0x007772C8	ascii	KPlayerClient::OnSyncSceneCampTypeToPlayer
JX3LogicEditOperation_net_strings.txt	0x00777440	ascii	KPlayerClient::OnSyncArenaLevel
JX3LogicEditOperation_net_strings.txt	0x00777480	ascii	KPlayerClient::OnSyncArenaPlayerList
JX3LogicEditOperation_net_strings.txt	0x007774A8	ascii	KPlayerClient::OnSyncArenaCompetitorList
JX3LogicEditOperation_net_strings.txt	0x007774D8	ascii	KPlayerClient::OnSyncBaseInfoFromBattlefieldCompetitorList
JX3LogicEditOperation_net_strings.txt	0x00777518	ascii	KPlayerClient::OnSyncVariableInfoFromBattlefieldCompetitorList
JX3LogicEditOperation_net_strings.txt	0x00777800	ascii	KPlayerClient::OnPauseCDTimer
JX3LogicEditOperation_net_strings.txt	0x00777820	ascii	KPlayerClient::OnPauseBuffTimer
JX3LogicEditOperation_net_strings.txt	0x00777840	ascii	KPlayerClient::OnAccelerateCDTimer
JX3LogicEditOperation_net_strings.txt	0x00777868	ascii	KPlayerClient::OnChangeImmunityCastIDNotify
JX3LogicEditOperation_net_strings.txt	0x007779A8	ascii	KPlayerClient::OnBeginProxySkillList
JX3LogicEditOperation_net_strings.txt	0x00777A30	ascii	KPlayerClient::OnSyncProxySkillInfo
JX3LogicEditOperation_net_strings.txt	0x00777A58	ascii	KPlayerClient::OnEndProxySkillList
JX3LogicEditOperation_net_strings.txt	0x00777A80	ascii	KPlayerClient::OnClearProxySkillList
JX3LogicEditOperation_net_strings.txt	0x00778260	ascii	KPlayerClient::OnSyncArenaCompetitorCDState
JX3LogicEditOperation_net_strings.txt	0x007783D8	ascii	KPlayerClient::OnSyncArenaVisitorCount
JX3LogicEditOperation_net_strings.txt	0x007785E0	ascii	KPlayerClient::OnGetBFRankRespond
JX3LogicEditOperation_net_strings.txt	0x00778860	ascii	KPlayerClient::OnSyncStealthCharacter
JX3LogicEditOperation_net_strings.txt	0x00778990	ascii	KPlayerClient::OnSyncBFRoleData
JX3LogicEditOperation_net_strings.txt	0x00778E20	ascii	KPlayerClient::OnSyncRelationAllEnemyExceptTeam
JX3LogicEditOperation_net_strings.txt	0x00779060	ascii	KPlayerClient::OnSyncBattlefieldCompetitorCDState
JX3LogicEditOperation_net_strings.txt	0x00779098	ascii	KPlayerClient::OnSyncBattlefieldCompetitorBuffList
JX3LogicEditOperation_net_strings.txt	0x00779398	ascii	KPlayerClient::OnCreateArenaRoomRespond
JX3LogicEditOperation_net_strings.txt	0x007793F0	ascii	KPlayerClient::OnCreateBattlefieldRoomRespond
JX3LogicEditOperation_net_strings.txt	0x00779458	ascii	KPlayerClient::OnForceStartBattleFieldChaosFightRespond
JX3LogicEditOperation_net_strings.txt	0x007795F0	ascii	KPlayerClient::OnCampPlantCommanderInfoRespond
JX3LogicEditOperation_net_strings.txt	0x00779670	ascii	KPlayerClient::OnCampPlantExploitRespond
JX3LogicEditOperation_net_strings.txt	0x007796E8	ascii	KPlayerClient::OnCampPlantInstructionRespond
JX3LogicEditOperation_net_strings.txt	0x00779768	ascii	KPlayerClient::OnCampPlantOBGlobalDataRespond
JX3LogicEditOperation_net_strings.txt	0x007797F0	ascii	KPlayerClient::OnCampPlantOBListDataRespond
JX3LogicEditOperation_net_strings.txt	0x0077A158	ascii	KPlayerClient::OnChangeMultiImmunityCastIDNotify
JX3LogicEditOperation_net_strings.txt	0x0077A3B8	ascii	KPlayerClient::OnPVEDamageStatNotify
JX3LogicEditOperation_net_strings.txt	0x0077A418	ascii	KPlayerClient::OnSyncBattleStatFlag
JX3LogicEditOperation_net_strings.txt	0x0077B168	ascii	KPlayerClient::OnSyncTargetOutputDamage
JX3LogicEditOperation_net_strings.txt	0x0077B578	ascii	KPlayerClient::OnSyncPlayerOperationMask
JX3LogicEditOperation_net_strings.txt	0x0077B720	ascii	KPlayerClient::OnBroadcastKillInfo
JX3LogicEditOperation_net_strings.txt	0x007804F0	ascii	SkillCastFlag
JX3LogicEditOperation_net_strings.txt	0x00780500	ascii	nRetCode && "Get SkillCastFlag"
JX3LogicEditOperation_net_strings.txt	0x00781ED0	ascii	CastSkill
JX3LogicEditOperation_net_strings.txt	0x00781F28	ascii	CanCastSkill
JX3LogicEditOperation_net_strings.txt	0x00782FE8	ascii	KSkillManager::LoadSkillCastDependencies
JX3LogicEditOperation_net_strings.txt	0x00783148	ascii	CoolDownAdd%d
JX3LogicEditOperation_net_strings.txt	0x007836F0	ascii	pbCanCastSkill
JX3LogicEditOperation_net_strings.txt	0x00783940	ascii	bCanCastSkill
JX3LogicEditOperation_net_strings.txt	0x00783CA8	ascii	dwSkillCastFlag
JX3LogicEditOperation_net_strings.txt	0x0078A590	ascii	KPlayerDamageStat::AddData
JX3LogicEditOperation_net_strings.txt	0x0078A5B0	ascii	pSkillResult
JX3LogicEditOperation_net_strings.txt	0x0078A610	ascii	KPlayerDamageStat::QueryPlayerData
JX3LogicEditOperation_net_strings.txt	0x0078A638	ascii	KPlayerDamageStat::QueryNpcData
JX3LogicEditOperation_net_strings.txt	0x0078A658	ascii	KPlayerDamageStat::QueryReceiveData
JX3LogicEditOperation_net_strings.txt	0x0078A680	ascii	KPlayerDamageStat::QuerySkillData
JX3LogicEditOperation_net_strings.txt	0x0078A6A8	ascii	KPlayerDamageStat::StatSkillData
JX3LogicEditOperation_net_strings.txt	0x0078A6D0	ascii	KPlayerDamageStat::SetupPVEStatParam
JX3LogicEditOperation_net_strings.txt	0x0078A7A0	ascii	KPlayerDamageStat::ReportPVEStat
JX3LogicEditOperation_net_strings.txt	0x0078A948	ascii	KPlayerDamageStat::TeammateIn
JX3LogicEditOperation_net_strings.txt	0x0078A968	ascii	KPlayerDamageStat::CheckSrcAndDst
JX3LogicEditOperation_net_strings.txt	0x0079D5C8	ascii	KBattlefieldCache::AddNextSyncTime
JX3LogicEditOperation_net_strings.txt	0x0079DDC8	ascii	KCURLManager::DoPVEReportDamageStatRequest
JX3LogicEditOperation_net_strings.txt	0x007A49D8	ascii	KCharacter::CastSkill
JX3LogicEditOperation_net_strings.txt	0x007A4A78	ascii	KCharacter::CastSkillXYZ
JX3LogicEditOperation_net_strings.txt	0x007A4AA0	ascii	[KCharacter::CastSkillXYZ] Skill(%u,%u) IsPlayer:%u Map:%u not exist
JX3LogicEditOperation_net_strings.txt	0x007A50F8	ascii	KCharacter::OnSkillMove
JX3LogicEditOperation_net_strings.txt	0x007A5178	ascii	KCharacter::OnSpecialSkillMove
JX3LogicEditOperation_net_strings.txt	0x007A5218	ascii	KCharacter::DoSkillHoard
JX3LogicEditOperation_net_strings.txt	0x007A5328	ascii	KCharacter::OnSkillChannelOTActionEnd
JX3LogicEditOperation_net_strings.txt	0x007A5350	ascii	[KCharacter::OnSkillChannelOTActionEnd] m_bOnOTActionEnd skill:(%u, %u)
JX3LogicEditOperation_net_strings.txt	0x007A7B50	ascii	KWorldRepresentAgent::OnSkillEffectResult
JX3LogicEditOperation_net_strings.txt	0x007AA140	ascii	dwCoolDownID
JX3LogicEditOperation_net_strings.txt	0x007AA4E8	ascii	CoolDownList.tab
JX3LogicEditOperation_net_strings.txt	0x007AA500	ascii	KCoolDownList::Init
JX3LogicEditOperation_net_strings.txt	0x007AA518	ascii	skill_mobile/CoolDownList.tab
JX3LogicEditOperation_net_strings.txt	0x007AA538	ascii	[KCoolDownList] Reload CoolDownList Start ...
JX3LogicEditOperation_net_strings.txt	0x007AA568	ascii	[KCoolDownList] Reload CoolDownList Successful.
JX3LogicEditOperation_net_strings.txt	0x007AA5A0	ascii	[KCoolDownList] Refresh All CoolDown in player CoolDownList ...
JX3LogicEditOperation_net_strings.txt	0x007AA5E0	ascii	[KCoolDownList] Refresh All CoolDown in player CoolDownList Successful.
JX3LogicEditOperation_net_strings.txt	0x007AA628	ascii	KCoolDownList::LoadCoolDownList
JX3LogicEditOperation_net_strings.txt	0x007AA7F8	ascii	GetCoolDownValue %u Faild!
JX3LogicEditOperation_net_strings.txt	0x007AA818	ascii	GetMinCoolDownValue %u Faild!
JX3LogicEditOperation_net_strings.txt	0x007AA838	ascii	GetMaxCoolDownValue %u Faild!
JX3LogicEditOperation_net_strings.txt	0x007AA858	ascii	GetMaxCoolDownStackCount %u Faild!
JX3LogicEditOperation_net_strings.txt	0x007AA880	ascii	GetMaxCoolDownOverDraftCount %u Faild!
JX3LogicEditOperation_net_strings.txt	0x007AA8A8	ascii	GetCanAccelerateCooldownFlag %u Faild!
JX3LogicEditOperation_net_strings.txt	0x007AA8D0	ascii	GetCoolDownInfo %u Faild!
JX3LogicEditOperation_net_strings.txt	0x007AAD20	ascii	AuctionNormalLookupCoolDownID
JX3LogicEditOperation_net_strings.txt	0x007AAD40	ascii	AuctionPriceLookupCoolDownID
JX3LogicEditOperation_net_strings.txt	0x007AAD60	ascii	AuctionDetailLookupCoolDownID
JX3LogicEditOperation_net_strings.txt	0x007AAD80	ascii	AuctionSellLookupCoolDownID
JX3LogicEditOperation_net_strings.txt	0x007AADA0	ascii	AuctionAvgPriceLookupCoolDownID
JX3LogicEditOperation_net_strings.txt	0x007AADC0	ascii	AuctionGMAvgLookupCoolDownID
JX3LogicEditOperation_net_strings.txt	0x007AADE0	ascii	AuctionGMNormalCoolDownID
JX3LogicEditOperation_net_strings.txt	0x007AAE00	ascii	AuctionGMPriceLookupCoolDownID
JX3LogicEditOperation_net_strings.txt	0x007AAE20	ascii	AuctionBidCoolDownID
JX3LogicEditOperation_net_strings.txt	0x007AB508	ascii	ApplyFellowshipPushListCoolDownID
JX3LogicEditOperation_net_strings.txt	0x007AB630	ascii	SetNameCardSkinCoolDownID
JX3LogicEditOperation_net_strings.txt	0x007ABC08	ascii	SceneChannelCoolDownID
JX3LogicEditOperation_net_strings.txt	0x007ABC28	ascii	WorldChannelCoolDownID
JX3LogicEditOperation_net_strings.txt	0x007ABC40	ascii	ForceChannelCoolDownID
JX3LogicEditOperation_net_strings.txt	0x007ABC58	ascii	CampChannelCoolDownID
JX3LogicEditOperation_net_strings.txt	0x007ABC70	ascii	MentorChannelCoolDownID
JX3LogicEditOperation_net_strings.txt	0x007ABC88	ascii	FriendsChannelCoolDownID
JX3LogicEditOperation_net_strings.txt	0x007ABCA8	ascii	IdentityChannelCoolDownID
JX3LogicEditOperation_net_strings.txt	0x007ABCC8	ascii	NearbyChannelCoolDownID
JX3LogicEditOperation_net_strings.txt	0x007ABCE0	ascii	ApplyThreatRankListCoolDownID
JX3LogicEditOperation_net_strings.txt	0x007ABE50	ascii	CallScriptCoolDownID
JX3LogicEditOperation_net_strings.txt	0x007AD700	ascii	GetRestoreListCoolDownTime
JX3LogicEditOperation_net_strings.txt	0x007AEBB8	ascii	CoolDownID
JX3LogicEditOperation_net_strings.txt	0x007AEEC8	ascii	dwCoolDownID > 0
JX3LogicEditOperation_net_strings.txt	0x007AF0F0	ascii	KProtocolReplayer::Pop
JX3LogicEditOperation_net_strings.txt	0x007AF128	ascii	KProtocolReplayer::Cache
JX3LogicEditOperation_net_strings.txt	0x007AF158	ascii	KProtocolReplayer::OpenFileByIndex
JX3LogicEditOperation_net_strings.txt	0x007B2500	ascii	KVideoReplayer::ProcessReplayData
JX3LogicEditOperation_net_strings.txt	0x007B2638	ascii	KVideoReplayer::ProcessReplayHeaderData
JX3LogicEditOperation_net_strings.txt	0x007B26A0	ascii	KVideoReplayer::SetState
JX3LogicEditOperation_net_strings.txt	0x007B2720	ascii	KVideoReplayer::AddCompetitor
JX3LogicEditOperation_net_strings.txt	0x007B2740	ascii	KVideoReplayer::ProcessPackage
JX3LogicEditOperation_net_strings.txt	0x007B27C8	ascii	KVideoReplayer::OnSyncSkillData
JX3LogicEditOperation_net_strings.txt	0x007B2820	ascii	KVideoReplayer::OnSyncSkillRecipe
JX3LogicEditOperation_net_strings.txt	0x007B2880	ascii	KVideoReplayer::OnDeleteSkillRecipe
JX3LogicEditOperation_net_strings.txt	0x007B2918	ascii	KVideoReplayer::OnResetCooldown
JX3LogicEditOperation_net_strings.txt	0x007B2990	ascii	KVideoReplayer::OnCoolDownOverDraftNotify
JX3LogicEditOperation_net_strings.txt	0x007B2A28	ascii	KVideoReplayer::OnSyncArenaCompetitorCDState
JX3LogicEditOperation_net_strings.txt	0x007B2AD0	ascii	KVideoReplayer::OnPauseCDTimer
JX3LogicEditOperation_net_strings.txt	0x007B2B48	ascii	KVideoReplayer::OnAccelerateCDTimer
JX3LogicEditOperation_net_strings.txt	0x007B2BD8	ascii	KVideoReplayer::OnSyncArenaCompetitorList
JX3LogicEditOperation_net_strings.txt	0x007B2C90	ascii	KVideoReplayer::OnSyncArenaCompetitorTalentData
JX3LogicEditOperation_net_strings.txt	0x007B2D00	ascii	KVideoReplayer::OnSyncArenaCompetitorEquipBoxInfo
JX3LogicEditOperation_net_strings.txt	0x007B2D90	ascii	KVideoReplayer::OnRemoteLuaCall
JX3LogicEditOperation_net_strings.txt	0x007B2DF0	ascii	KVideoReplayer::OnSyncArenaCompetitorBaseData
JX3LogicEditOperation_net_strings.txt	0x007B2E58	ascii	KVideoReplayer::OnUIDataBuffSingle
JX3LogicEditOperation_net_strings.txt	0x007B2EA8	ascii	KVideoReplayer::OnUIDataBuffList
JX3LogicEditOperation_net_strings.txt	0x007B2EF8	ascii	KVideoReplayer::OnUIDataSkillCastLog
JX3LogicEditOperation_net_strings.txt	0x007B2F20	ascii	nSize == sizeof(KUIEventSkillCastLog)
JX3LogicEditOperation_net_strings.txt	0x007B2F48	ascii	KVideoReplayer::OnUIDataSKillChannelProgress
JX3LogicEditOperation_net_strings.txt	0x007B2FA0	ascii	KVideoReplayer::OnUIDataSkillPrepareProgress
JX3LogicEditOperation_net_strings.txt	0x007B2FD0	ascii	KVideoReplayer::OnUIDataSkillHoardProgress
JX3LogicEditOperation_net_strings.txt	0x007B3000	ascii	KVideoReplayer::OnCompetitorSkillOTActionState
JX3LogicEditOperation_net_strings.txt	0x007B3030	ascii	KVideoReplayer::OnSyncArenaStatistics
JX3LogicEditOperation_net_strings.txt	0x007B3090	ascii	KVideoReplayer::OnSyncBattlefieldStatistics
JX3LogicEditOperation_net_strings.txt	0x007B30F8	ascii	KVideoReplayer::OnArenaVideoStart
JX3LogicEditOperation_net_strings.txt	0x007B3150	ascii	KVideoReplayer::OnArenaEnd
JX3LogicEditOperation_net_strings.txt	0x007B3190	ascii	KVideoReplayer::OnSyncArenaNewCompetitor
JX3LogicEditOperation_net_strings.txt	0x007B31C0	ascii	KVideoReplayer::OnSyncArenaCompetitorState
JX3LogicEditOperation_net_strings.txt	0x007B3220	ascii	KVideoReplayer::OnNpcEmployer
JX3LogicEditOperation_net_strings.txt	0x007B3270	ascii	KVideoReplayer::OnMatchPoint
JX3LogicEditOperation_net_strings.txt	0x007B32E0	ascii	KVideoReplayer::OnCompetitionBaseData
JX3LogicEditOperation_net_strings.txt	0x007B55E0	ascii	pCoolDownInfo
JX3LogicEditOperation_net_strings.txt	0x007BFD80	ascii	GetCoolDownFrame
JX3LogicEditOperation_net_strings.txt	0x007C06B8	ascii	CastSkillXYZ
JX3LogicEditOperation_net_strings.txt	0x007C0850	ascii	GetItemCoolDown
JX3LogicEditOperation_net_strings.txt	0x007C13C8	ascii	ReloadCoolDown
JX3LogicEditOperation_net_strings.txt	0x007C1E60	ascii	GetAllBFPlayerTeamGroupID
JX3LogicEditOperation_net_strings.txt	0x007C3650	ascii	CheckCoolDown1
JX3LogicEditOperation_net_strings.txt	0x007C3660	ascii	CheckCoolDown2
JX3LogicEditOperation_net_strings.txt	0x007C3670	ascii	CheckCoolDown3
JX3LogicEditOperation_net_strings.txt	0x007C3680	ascii	CoolDown1
JX3LogicEditOperation_net_strings.txt	0x007C3690	ascii	CoolDown2
JX3LogicEditOperation_net_strings.txt	0x007C36A0	ascii	CoolDown3
JX3LogicEditOperation_net_strings.txt	0x007C36B0	ascii	MinCoolDown1
JX3LogicEditOperation_net_strings.txt	0x007C36C0	ascii	MinCoolDown2
JX3LogicEditOperation_net_strings.txt	0x007C36D0	ascii	MinCoolDown3
JX3LogicEditOperation_net_strings.txt	0x007C36E0	ascii	MaxCoolDown1
JX3LogicEditOperation_net_strings.txt	0x007C36F0	ascii	MaxCoolDown2
JX3LogicEditOperation_net_strings.txt	0x007C3700	ascii	MaxCoolDown3
JX3LogicEditOperation_net_strings.txt	0x007C4CA8	ascii	KScriptFuncList::LuaGetCoolDownFrame
JX3LogicEditOperation_net_strings.txt	0x007C6820	ascii	KScriptFuncList::LuaCastSkill
JX3LogicEditOperation_net_strings.txt	0x007C6880	ascii	KScriptFuncList::LuaCastSkillXYZ
JX3LogicEditOperation_net_strings.txt	0x007C6D58	ascii	g_pSO3World->m_VideoManager.m_VideoReplayer.m_bWorkFlag
JX3LogicEditOperation_net_strings.txt	0x007C6E18	ascii	KScriptFuncList::LuaGetItemCoolDown
JX3LogicEditOperation_net_strings.txt	0x007C9738	ascii	KScriptFuncList::LuaGetAllBFPlayerTeamGroupID
JX3LogicEditOperation_net_strings.txt	0x007CDC68	ascii	bAutoTurnOnCast
JX3LogicEditOperation_net_strings.txt	0x007CE160	ascii	SetPublicCoolDown
JX3LogicEditOperation_net_strings.txt	0x007CE178	ascii	GetPublicCoolDown
JX3LogicEditOperation_net_strings.txt	0x007CE190	ascii	SetCheckCoolDown
JX3LogicEditOperation_net_strings.txt	0x007CE1A8	ascii	GetCheckCoolDownCount
JX3LogicEditOperation_net_strings.txt	0x007CE1C0	ascii	GetCheckCoolDownID
JX3LogicEditOperation_net_strings.txt	0x007CE1D8	ascii	SetNormalCoolDown
JX3LogicEditOperation_net_strings.txt	0x007CE1F0	ascii	GetNormalCooldownCount
JX3LogicEditOperation_net_strings.txt	0x007CE208	ascii	GetNormalCooldownID
JX3LogicEditOperation_net_strings.txt	0x007CE850	ascii	KSkill::LuaSetPublicCoolDown
JX3LogicEditOperation_net_strings.txt	0x007CE870	ascii	KSkill::LuaSetCheckCoolDown
JX3LogicEditOperation_net_strings.txt	0x007CE890	ascii	nCoolDownIndex >= 0
JX3LogicEditOperation_net_strings.txt	0x007CE8A8	ascii	nCoolDownIndex < MAX_SKILL_CHECKONLY_COOL_DOWN_TIMER
JX3LogicEditOperation_net_strings.txt	0x007CE8E0	ascii	KSkill::LuaGetCheckCoolDownID
JX3LogicEditOperation_net_strings.txt	0x007CE900	ascii	KSkill::LuaSetNormalCoolDown
JX3LogicEditOperation_net_strings.txt	0x007CE920	ascii	nCoolDownIndex < MAX_SKILL_COOL_DOWN_TIMER
JX3LogicEditOperation_net_strings.txt	0x007CE950	ascii	KSkill::LuaGetNormalCooldownID
JX3LogicEditOperation_net_strings.txt	0x007CF910	ascii	nCampReverseCoolDownTime
JX3LogicEditOperation_net_strings.txt	0x007D8530	ascii	m_VideoReplayer.m_bWorkFlag
JX3LogicEditOperation_net_strings.txt	0x007DC100	ascii	GetBattlefieldPlayersPosInfo
JX3LogicEditOperation_net_strings.txt	0x007DF2A0	ascii	GetSkillPrepare
JX3LogicEditOperation_net_strings.txt	0x007DF2B0	ascii	GetSkillChannel
JX3LogicEditOperation_net_strings.txt	0x007DF2C0	ascii	GetSkillChannelInterval
JX3LogicEditOperation_net_strings.txt	0x007E1918	ascii	GetOverDraftCoolDown
JX3LogicEditOperation_net_strings.txt	0x007E2180	ascii	CancelSyncBattlefieldCompetitorSkillCDState
JX3LogicEditOperation_net_strings.txt	0x007E4878	ascii	KPlayer::LuaGetSkillPrepare
JX3LogicEditOperation_net_strings.txt	0x007E4898	ascii	KPlayer::LuaGetSkillChannel
JX3LogicEditOperation_net_strings.txt	0x007E48B8	ascii	KPlayer::LuaGetSkillChannelInterval
JX3LogicEditOperation_net_strings.txt	0x007E9138	ascii	KPlayer::LuaGetOverDraftCoolDown
JX3LogicEditOperation_net_strings.txt	0x007E9D40	ascii	m_pScene->m_BattlefieldCompetitorInfoMap.find(dwPlayerID) != m_pScene->m_BattlefieldCompetitorInfoMap.end()
JX3LogicEditOperation_net_strings.txt	0x007E9DB0	ascii	KPlayer::LuaCancelSyncBattlefieldCompetitorSkillCDState
JX3LogicEditOperation_net_strings.txt	0x007FEDD8	ascii	BF_QUEUE_COUNTDOWN_BUFF
JX3LogicEditOperation_net_strings.txt	0x00811DD0	ascii	KGatewayClient::OnSyncMapQueueInfo
JX3LogicEditOperation_net_strings.txt	0x00812A70	ascii	KRecorderAsyncSocketStreamReplay::Send
JX3LogicEditOperation_net_strings.txt	0x00812A98	ascii	KRecorderAsyncSocketStreamReplay::Recv
JX3LogicEditOperation_net_strings.txt	0x00812AD0	ascii	KRecorderAsyncSocketStreamReplay::GetRemoteAddress
JX3LogicEditOperation_net_strings.txt	0x00814248	ascii	KCharacter::LuaCastSkillXYZ
JX3LogicEditOperation_net_strings.txt	0x00814268	ascii	[LuaCastSkillXYZ] nX < 0 || nY < 0 skill(%u, %u) (%d, %d, %d)
JX3LogicEditOperation_net_strings.txt	0x008142A8	ascii	KCharacter::LuaCastSkill
JX3LogicEditOperation_net_strings.txt	0x009BC0E8	ascii	.?AUIProtocolReplayer@@
JX3LogicEditOperation_net_strings.txt	0x009BC110	ascii	.?AVKProtocolReplayer@@
JX3LogicEditOperation_net_strings.txt	0x009BC3C0	ascii	.?AVKRecorderFactoryReplay@@
JX3LogicEditOperation_net_strings.txt	0x009BD9C8	ascii	.?AVKRecorderAsyncSocketStreamReplay@@
JX3RepresentX64_net_strings.txt	0x00CADCC0	ascii	KRLCharacter::PlayUnBindSkillEffectResultSFX
JX3RepresentX64_net_strings.txt	0x00EC1E70	ascii	.?AV?$_Binder@U_Unforced@std@@P8RLReplaySystem@@EAAXAEAVRLEvent@RLECS@@@ZPEAV3@AEBU?$_Ph@$00@2@@std@@
JX3RepresentX64_net_strings.txt	0x00EC2040	ascii	.?AV?$_Func_impl_no_alloc@V?$_Binder@U_Unforced@std@@P8RLReplaySystem@@EAAXAEAVRLEvent@RLECS@@@ZPEAV3@AEBU?$_Ph@$00@2@@std@@XAEAVRLEvent@RLECS@@@std@@
JX3RepresentX64_net_strings.txt	0x00C80DD8	ascii	Events::Replay::RECORD_STATE
JX3RepresentX64_net_strings.txt	0x00C80E00	ascii	Events::Replay::GET_RECORD_STATE
JX3RepresentX64_net_strings.txt	0x00C80E28	ascii	Events::Replay::BEGIN_REPLAY
JX3RepresentX64_net_strings.txt	0x00C80E50	ascii	Events::Replay::END_REPLAY
JX3RepresentX64_net_strings.txt	0x00C80E70	ascii	Events::Replay::GET_REPLAY_STATE
JX3RepresentX64_net_strings.txt	0x00C80E98	ascii	Events::Replay::SCENE_STATE
JX3RepresentX64_net_strings.txt	0x00C80EC0	ascii	Events::Replay::GET_SCENE_STATE
JX3RepresentX64_net_strings.txt	0x00C80EE8	ascii	Events::Replay::PUSH_EVENT
JX3RepresentX64_net_strings.txt	0x00C80F08	ascii	Events::Replay::PUSH_SKILL_EFFECT
JX3RepresentX64_net_strings.txt	0x00C80F30	ascii	Events::Replay::PAUSE_STATE
JX3RepresentX64_net_strings.txt	0x00C80F58	ascii	Events::Replay::SAVE
JX3RepresentX64_net_strings.txt	0x00C80F78	ascii	Events::Replay::LOAD
JX3RepresentX64_net_strings.txt	0x00C80F98	ascii	Events::Replay::SET_SPEED
JX3RepresentX64_net_strings.txt	0x00C80FB8	ascii	Events::Replay::SET_SLIDE
JX3RepresentX64_net_strings.txt	0x00C80FD8	ascii	Events::Replay::LOGIC_READY
JX3RepresentX64_net_strings.txt	0x00C81000	ascii	Events::Replay::LOGIC_HEADER_DATA
JX3RepresentX64_net_strings.txt	0x00C81028	ascii	Events::Replay::SET_AUTO_SWITCH_CAMERA
JX3RepresentX64_net_strings.txt	0x00C83530	ascii	OnReplayDynamicWeather
JX3RepresentX64_net_strings.txt	0x00C86208	ascii	disable remote character interpolate
JX3RepresentX64_net_strings.txt	0x00C86A90	ascii	Replay dynamicWeather
JX3RepresentX64_net_strings.txt	0x00C88A10	ascii	replay -record
JX3RepresentX64_net_strings.txt	0x00C88A28	ascii	replay -replay
JX3RepresentX64_net_strings.txt	0x00C88A40	ascii	replay -pause
JX3RepresentX64_net_strings.txt	0x00C88A50	ascii	replay -remote camera
JX3RepresentX64_net_strings.txt	0x00C88A70	ascii	replay -reset camera
JX3RepresentX64_net_strings.txt	0x00C88A90	ascii	replay -save
JX3RepresentX64_net_strings.txt	0x00C88AA0	ascii	replay -load
JX3RepresentX64_net_strings.txt	0x00C88AB0	ascii	replay -speed
JX3RepresentX64_net_strings.txt	0x00C88AC0	ascii	replay -slide
JX3RepresentX64_net_strings.txt	0x00C88AD0	ascii	replay -logic ready
JX3RepresentX64_net_strings.txt	0x00C88AE8	ascii	replay -auto switch camera
JX3RepresentX64_net_strings.txt	0x00CB09A8	ascii	effect_interpolate_speed
JX3RepresentX64_net_strings.txt	0x00CBBA60	ascii	D:\qb\buildagent\workspace\root\JX3\zhcn_hd\DataStores\Sword3\Source\Common\SO3Represent\Src\case\actionobject\KDynamicWeather.cpp,KDynamicWeather::EnableInterpolate:722
JX3RepresentX64_net_strings.txt	0x00CCC160	ascii	krlEventAdaptor::HandlePostReplayData
JX3RepresentX64_net_strings.txt	0x00CCCBE8	ascii	KRLLocalCharacterFrameData::Interpolate
JX3RepresentX64_net_strings.txt	0x00CCCC40	ascii	KRLRemoteCharacterFrameData::Interpolate
JX3RepresentX64_net_strings.txt	0x00CCDC30	ascii	NPCLookAtInterpolateTime
JX3RepresentX64_net_strings.txt	0x00CD1608	ascii	NpcInterpolationDirection
JX3RepresentX64_net_strings.txt	0x00CEC548	ascii	KPROTOBUF_CONVERTOR::__KPB_WRITE_RLReplaySkillEffect
JX3RepresentX64_net_strings.txt	0x00CEC588	ascii	KPROTOBUF_CONVERTOR::__KPB_READER_RLReplaySkillEffect
JX3RepresentX64_net_strings.txt	0x00CEC5C8	ascii	KPROTOBUF_CONVERTOR::__KPB_CONSTRUCT_RLReplaySkillEffect
JX3RepresentX64_net_strings.txt	0x00D06F28	ascii	RLReplaySystem::PushEvent
JX3RepresentX64_net_strings.txt	0x00D06F60	ascii	RLReplaySystem::PushSkillEffectResult
JX3RepresentX64_net_strings.txt	0x00D06F90	ascii	[RL Replay] %s
JX3RepresentX64_net_strings.txt	0x00D06FA8	ascii	RLReplaySystem::PostRecordData
JX3RepresentX64_net_strings.txt	0x00D06FD0	ascii	pReplayComponent
JX3RepresentX64_net_strings.txt	0x00D06FE8	ascii	RLReplaySystem::PostLogicHeaderData
JX3RepresentX64_net_strings.txt	0x00D07068	ascii	RLECS::RLComponentArray<struct RLReplayComponent>::GetData
JX3RepresentX64_net_strings.txt	0x00D070B0	ascii	RLECS::RLComponentArray<struct RLReplayComponent>::InsertData
JX3RepresentX64_net_strings.txt	0x00D07250	ascii	RLSfxSystem::ProcessReplay
JX3RepresentX64_net_strings.txt	0x00D07650	ascii	RLSfxSystem::ProcessSetReplaytimes
JX3RepresentX64_net_strings.txt	0x00D08508	ascii	RLECS::RLComponentArray<struct RLReplayComponent>::RemoveData
JX3RepresentX64_net_strings.txt	0x00D08978	ascii	SO3RL::GetReplay3DScene
JX3RepresentX64_net_strings.txt	0x00D09900	ascii	SetRLECSSFXReplayTimes
JX3RepresentX64_net_strings.txt	0x00D0AD98	ascii	InterpolateType
JX3RepresentX64_net_strings.txt	0x00D0C450	ascii	CreateNewReplayScene
JX3RepresentX64_net_strings.txt	0x00D0C470	ascii	DeleteReplayScene
JX3RepresentX64_net_strings.txt	0x00D0C488	ascii	pReplayRLScene
JX3RepresentX64_net_strings.txt	0x00D0C4A0	ascii	pReplayRLScene->m_p3DScene
JX3RepresentX64_net_strings.txt	0x00D0C808	ascii	RLEvent.RLReplaySkillEffect
JX3RepresentX64_net_strings.txt	0x00D0C8E0	ascii	uLeftSize >= sizeof(RLReplaySaveNodeHeader) + cpSkillData->uLength
JX3RepresentX64_net_strings.txt	0x00D0C950	ascii	uLeftSize >= sizeof(RLReplaySaveNodeHeader) + cpRecordData->uLength
JX3RepresentX64_net_strings.txt	0x00D0C9F8	ascii	uWriteLen == ulzSize + sizeof(RLReplaySaveHeader)
JX3RepresentX64_net_strings.txt	0x00D0CA98	ascii	uFileSize - sizeof(RLReplaySaveHeader) == pHeader->ulzLength
JX3RepresentX64_net_strings.txt	0x00D0CAE8	ascii	uFileSize - sizeof(RLReplaySaveHeader) == pHeader->uLength
JX3RepresentX64_net_strings.txt	0x00D0CB48	ascii	uLeftSize >= sizeof(RLReplaySaveNodeHeader)
JX3RepresentX64_net_strings.txt	0x00D0CB80	ascii	uLeftSize >= sizeof(RLReplaySaveNodeHeader) + pNodeHeader->uLength
JX3RepresentX64_net_strings.txt	0x00D0E6B0	ascii	InterpolateDirection
JX3RepresentX64_net_strings.txt	0x00E98EA8	ascii	.PEAURLReplaySkillEffectData@@
JX3RepresentX64_net_strings.txt	0x00E98F20	ascii	.?AV?$holder@PEAURLReplaySkillEffectData@@@any@any_lite@nonstd@@
JX3RepresentX64_net_strings.txt	0x00EAD4A0	ascii	.?AURollback@detail@util@@
JX3RepresentX64_net_strings.txt	0x00EAD4E0	ascii	.?AU?$RollbackImpl@V<lambda_70de07e2289fc46962e61c81a4fd6193>@@@detail@util@@
JX3RepresentX64_net_strings.txt	0x00EAE550	ascii	.?AU?$RollbackImpl@V<lambda_20f3357845e4f71912ebbd568b4837d0>@@@detail@util@@
JX3RepresentX64_net_strings.txt	0x00EAE5C0	ascii	.?AU?$RollbackImpl@V<lambda_f59aa511ee8b299ed8c192b1132f15c0>@@@detail@util@@
JX3RepresentX64_net_strings.txt	0x00EAE6A0	ascii	.?AU?$RollbackImpl@V<lambda_179da7438a69b6264a1e22fed1413838>@@@detail@util@@
JX3RepresentX64_net_strings.txt	0x00EAE710	ascii	.?AU?$RollbackImpl@V<lambda_2e27189a74a8fce762ef1c6af2e1fde0>@@@detail@util@@
JX3RepresentX64_net_strings.txt	0x00EB0BA0	ascii	.?AU?$RollbackImpl@V<lambda_8bbc3b856b5520d92dbfc0c619debd8d>@@@detail@util@@
JX3RepresentX64_net_strings.txt	0x00EB3490	ascii	.?AU?$RollbackImpl@V<lambda_e9fb9b0313dcfd529c72457f79c3d20b>@@@detail@util@@
JX3RepresentX64_net_strings.txt	0x00EB3500	ascii	.?AU?$RollbackImpl@V<lambda_8e89658b7084df896f1be05ec482b120>@@@detail@util@@
JX3RepresentX64_net_strings.txt	0x00EB35A0	ascii	.?AU?$RollbackImpl@V<lambda_12b20c192a7dacd58eaa8eaa18fff8f1>@@@detail@util@@
JX3RepresentX64_net_strings.txt	0x00EB3690	ascii	.?AU?$RollbackImpl@V<lambda_4b9e2fe089404d0c7b87beb38b3683bd>@@@detail@util@@
JX3RepresentX64_net_strings.txt	0x00EB3780	ascii	.?AU?$RollbackImpl@V<lambda_c16a20a3db7871d1d65f33191a938400>@@@detail@util@@
JX3RepresentX64_net_strings.txt	0x00EB3870	ascii	.?AU?$RollbackImpl@V<lambda_adcd58dc4f76f0f385f6fc71cb8435fd>@@@detail@util@@
JX3RepresentX64_net_strings.txt	0x00EB3960	ascii	.?AU?$RollbackImpl@V<lambda_60c51377b33b1a391cc475f7cebc1cbe>@@@detail@util@@
JX3RepresentX64_net_strings.txt	0x00EB3A50	ascii	.?AU?$RollbackImpl@V<lambda_c3888c5075a1346d7253f740ddd1bc81>@@@detail@util@@
JX3RepresentX64_net_strings.txt	0x00EB3B40	ascii	.?AU?$RollbackImpl@V<lambda_3a91d6ad475ee69bc5b47fc6c139aaef>@@@detail@util@@
JX3RepresentX64_net_strings.txt	0x00EB3C30	ascii	.?AU?$RollbackImpl@V<lambda_4f95540bc224b1d22eeb9bbc23efc274>@@@detail@util@@
JX3RepresentX64_net_strings.txt	0x00EB3D20	ascii	.?AU?$RollbackImpl@V<lambda_04e19dd37ed829d30cf972554ee89a0f>@@@detail@util@@
JX3RepresentX64_net_strings.txt	0x00EB3E10	ascii	.?AU?$RollbackImpl@V<lambda_4c8b0aaabc3e29202e682cdaac609200>@@@detail@util@@
JX3RepresentX64_net_strings.txt	0x00EB3F00	ascii	.?AU?$RollbackImpl@V<lambda_401734d8503fb48a585d90f4c670cbba>@@@detail@util@@
JX3RepresentX64_net_strings.txt	0x00EB3FF0	ascii	.?AU?$RollbackImpl@V<lambda_da4ae55af5cd982e4a620738793ff5f8>@@@detail@util@@
JX3RepresentX64_net_strings.txt	0x00EB40E0	ascii	.?AU?$RollbackImpl@V<lambda_1300824ace97cbcd29565746336f2426>@@@detail@util@@
JX3RepresentX64_net_strings.txt	0x00EB41D0	ascii	.?AU?$RollbackImpl@V<lambda_462b3fa1dd04a46d5094d231521b2096>@@@detail@util@@
JX3RepresentX64_net_strings.txt	0x00EC1E38	ascii	.?AURLReplayComponent@@
JX3RepresentX64_net_strings.txt	0x00EC1E70	ascii	.?AV?$_Binder@U_Unforced@std@@P8RLReplaySystem@@EAAXAEAVRLEvent@RLECS@@@ZPEAV3@AEBU?$_Ph@$00@2@@std@@
JX3RepresentX64_net_strings.txt	0x00EC1FE0	ascii	.?AV?$RLComponentArray@URLReplayComponent@@@RLECS@@
JX3RepresentX64_net_strings.txt	0x00EC2040	ascii	.?AV?$_Func_impl_no_alloc@V?$_Binder@U_Unforced@std@@P8RLReplaySystem@@EAAXAEAVRLEvent@RLECS@@@ZPEAV3@AEBU?$_Ph@$00@2@@std@@XAEAVRLEvent@RLECS@@@std@@
JX3RepresentX64_net_strings.txt	0x00EC29E0	ascii	.?AVRLReplaySystem@@
JX3RepresentX64_net_strings.txt	0x00EC2FB0	ascii	.?AV?$_Ref_count_obj2@V?$RLComponentArray@URLReplayComponent@@@RLECS@@@std@@
JX3RepresentX64_net_strings.txt	0x00CCDC10	ascii	SkillEffectResultTimeout
JX3RepresentX64_net_strings.txt	0x00C80F08	ascii	Events::Replay::PUSH_SKILL_EFFECT
JX3RepresentX64_net_strings.txt	0x00C81218	ascii	SkillEffectResult
JX3RepresentX64_net_strings.txt	0x00C8CEC8	ascii	OnCastSkill
JX3RepresentX64_net_strings.txt	0x00C9F128	ascii	GetCastSkillTargetPosition
JX3RepresentX64_net_strings.txt	0x00CA6300	ascii	KRLBuffBullet::OnCastSkill
JX3RepresentX64_net_strings.txt	0x00CAAC58	ascii	KRLRushState::OnSkillMoveAnimationFinish
JX3RepresentX64_net_strings.txt	0x00CAC5B0	ascii	KRLCharacter::BreakPrepareCastSkill
JX3RepresentX64_net_strings.txt	0x00CAC5E0	ascii	KRLCharacter::PrepareCastSkill
JX3RepresentX64_net_strings.txt	0x00CAC6E8	ascii	KRLCharacter::CastSkill
JX3RepresentX64_net_strings.txt	0x00CADC88	ascii	KRLCharacter::PlaySkillEffectResultAnimation
JX3RepresentX64_net_strings.txt	0x00CADCC0	ascii	KRLCharacter::PlayUnBindSkillEffectResultSFX
JX3RepresentX64_net_strings.txt	0x00CAEB20	ascii	pSkillCasterModel
JX3RepresentX64_net_strings.txt	0x00CAEC28	ascii	pcSkillCasterBirdModel
JX3RepresentX64_net_strings.txt	0x00CAEC48	ascii	pcSkillCasterModel
JX3RepresentX64_net_strings.txt	0x00CAFAA0	ascii	KRLCharacter::PlaySkillCasterEffect
JX3RepresentX64_net_strings.txt	0x00CAFCF8	ascii	CanCastSkill
JX3RepresentX64_net_strings.txt	0x00CB2CB0	ascii	KRLLocalCharacter::PrepareCastSkill
JX3RepresentX64_net_strings.txt	0x00CB2CE0	ascii	KRLLocalCharacter::CastSkill
JX3RepresentX64_net_strings.txt	0x00CB4800	ascii	KRLRemoteCharacter::PrepareCastSkill
JX3RepresentX64_net_strings.txt	0x00CB4830	ascii	KRLRemoteCharacter::CastSkill
JX3RepresentX64_net_strings.txt	0x00CBA950	ascii	KRLSkillEffectResult::KSkillEffectResultData::InvokeResult
JX3RepresentX64_net_strings.txt	0x00CBA9A0	ascii	D:\qb\buildagent\workspace\root\JX3\zhcn_hd\DataStores\Sword3\Source\Common\SO3Represent\src\case\actionobject\krlskilleffectresult.cpp,KRLSkillEffectResult::Activate:142
JX3RepresentX64_net_strings.txt	0x00CBAAC0	ascii	RegisterSkillEffectResult
JX3RepresentX64_net_strings.txt	0x00CBABB0	ascii	PlaySkillEffectResult
JX3RepresentX64_net_strings.txt	0x00CBABD0	ascii	DoSkillEffectText
JX3RepresentX64_net_strings.txt	0x00CBAD80	ascii	RLSkillModelMgr::CastSkill
JX3RepresentX64_net_strings.txt	0x00CC2C50	ascii	KGameWorldHandler::OnCharacterSkillEffectResult
JX3RepresentX64_net_strings.txt	0x00CC4510	ascii	KGameWorldHandler::OnCharacterCastSkill
JX3RepresentX64_net_strings.txt	0x00CC6BB0	ascii	D:\qb\buildagent\workspace\root\JX3\zhcn_hd\DataStores\Sword3\Source\Common\SO3Represent\Src\case\gameworld\krlEventAdaptor.cpp,krlEventAdaptor::HandlePrepareCastSkill:950
JX3RepresentX64_net_strings.txt	0x00CC6C80	ascii	krlEventAdaptor::HandlePrepareCastSkill
JX3RepresentX64_net_strings.txt	0x00CC6CB0	ascii	D:\qb\buildagent\workspace\root\JX3\zhcn_hd\DataStores\Sword3\Source\Common\SO3Represent\Src\case\gameworld\krlEventAdaptor.cpp,krlEventAdaptor::HandleCastSkill:980
JX3RepresentX64_net_strings.txt	0x00CC6D78	ascii	krlEventAdaptor::HandleCastSkill
JX3RepresentX64_net_strings.txt	0x00CC6DA0	ascii	D:\qb\buildagent\workspace\root\JX3\zhcn_hd\DataStores\Sword3\Source\Common\SO3Represent\Src\case\gameworld\krlEventAdaptor.cpp,krlEventAdaptor::HandleSkillEffectResult:1024
JX3RepresentX64_net_strings.txt	0x00CCDBF0	ascii	CastSkillResetPeriod
JX3RepresentX64_net_strings.txt	0x00CCDC10	ascii	SkillEffectResultTimeout
JX3RepresentX64_net_strings.txt	0x00CCDC30	ascii	NPCLookAtInterpolateTime
JX3RepresentX64_net_strings.txt	0x00CCF6E0	ascii	SkillResultTable
JX3RepresentX64_net_strings.txt	0x00CD1190	ascii	PlayerCastSkillResetAnimation
JX3RepresentX64_net_strings.txt	0x00CD1608	ascii	NpcInterpolationDirection
JX3RepresentX64_net_strings.txt	0x00CD2378	ascii	SkillCasterEffect
JX3RepresentX64_net_strings.txt	0x00CD2390	ascii	m_pSkillCasterEffect
JX3RepresentX64_net_strings.txt	0x00CD23B0	ascii	m_tabSkillCasterEffect
JX3RepresentX64_net_strings.txt	0x00CD2D20	ascii	SkillCasterModel
JX3RepresentX64_net_strings.txt	0x00CD3970	ascii	SkillCasterBirdModel
JX3RepresentX64_net_strings.txt	0x00CD3990	ascii	KTableList::LoadSkillCastBirdModel
JX3RepresentX64_net_strings.txt	0x00CD39C0	ascii	(m_pPlayerSkillCasterBirdModel[nRoleType])
JX3RepresentX64_net_strings.txt	0x00CD6D00	ascii	m_NpcSkillCasterModels
JX3RepresentX64_net_strings.txt	0x00CD6D20	ascii	m_PlayerSkillCasterModel
JX3RepresentX64_net_strings.txt	0x00CD8010	ascii	struct KGStrView __cdecl util::GetTypeName<struct KNpcSkillCasterModelKey>(void)
JX3RepresentX64_net_strings.txt	0x00CD8080	ascii	struct KGStrView __cdecl util::GetTypeName<struct KSkillCasterModelKey>(void)
JX3RepresentX64_net_strings.txt	0x00CEC090	ascii	KPROTOBUF_CONVERTOR::__KPB_WRITE_KRepresentSkillEffectResult
JX3RepresentX64_net_strings.txt	0x00CEC0E0	ascii	KPROTOBUF_CONVERTOR::__KPB_READER_KRepresentSkillEffectResult
JX3RepresentX64_net_strings.txt	0x00CEC130	ascii	KPROTOBUF_CONVERTOR::__KPB_CONSTRUCT_KRepresentSkillEffectResult
JX3RepresentX64_net_strings.txt	0x00CEC548	ascii	KPROTOBUF_CONVERTOR::__KPB_WRITE_RLReplaySkillEffect
JX3RepresentX64_net_strings.txt	0x00CEC588	ascii	KPROTOBUF_CONVERTOR::__KPB_READER_RLReplaySkillEffect
JX3RepresentX64_net_strings.txt	0x00CEC5C8	ascii	KPROTOBUF_CONVERTOR::__KPB_CONSTRUCT_RLReplaySkillEffect
JX3RepresentX64_net_strings.txt	0x00CFE520	ascii	pcmsOnSkillMoveScr
JX3RepresentX64_net_strings.txt	0x00CFE538	ascii	pcmsOnSkillMoveDst
JX3RepresentX64_net_strings.txt	0x00CFE550	ascii	pcmsOnSkillMoveTail
JX3RepresentX64_net_strings.txt	0x00CFE568	ascii	pcmsOnSkillMoveDeath
JX3RepresentX64_net_strings.txt	0x00D06F60	ascii	RLReplaySystem::PushSkillEffectResult
JX3RepresentX64_net_strings.txt	0x00D08508	ascii	RLECS::RLComponentArray<struct RLReplayComponent>::RemoveData
JX3RepresentX64_net_strings.txt	0x00D0C808	ascii	RLEvent.RLReplaySkillEffect
JX3RepresentX64_net_strings.txt	0x00D0C8E0	ascii	uLeftSize >= sizeof(RLReplaySaveNodeHeader) + cpSkillData->uLength
JX3RepresentX64_net_strings.txt	0x00E98EA8	ascii	.PEAURLReplaySkillEffectData@@
JX3RepresentX64_net_strings.txt	0x00E98F20	ascii	.?AV?$holder@PEAURLReplaySkillEffectData@@@any@any_lite@nonstd@@
JX3RepresentX64_net_strings.txt	0x00EB27B8	ascii	.?AUKNpcSkillCasterModelKey@@
JX3RepresentX64_net_strings.txt	0x00EB27F0	ascii	.?AUKSkillCasterModelKey@@
KBaseX64_net_strings.txt	0x00175370	ascii	invalid 'self' in function 'Interpolate'
KBaseX64_net_strings.txt	0x001753A0	ascii	#ferror in function 'Interpolate'.
KBaseX64_net_strings.txt	0x00175988	ascii	Interpolate
KBaseX64_net_strings.txt	0x00188018	ascii	rollback
KBaseX64_net_strings.txt	0x00194AC0	ascii	cannot rollback - no transaction is active
KBaseX64_net_strings.txt	0x002907DA	ascii	?InterpolatePerDimension@PerlinNoiseComplex@NSKMath@@AEAAMHHPEAMPEAH00H@Z
KBaseX64_net_strings.txt	0x00290824	ascii	?InterpolateWeight@PerlinNoiseComplex@NSKMath@@AEAAMM@Z
JX3ClientX64Base_net_strings.txt	0x0037C470	ascii	sslv3 rollback attack
JX3UIX64_net_strings.txt	0x003816E8	ascii	SetForceRealInterpolate
JX3UIX64_net_strings.txt	0x00385098	ascii	K3DEngineScriptTable::LuaModel_SetForceRealInterpolate
JX3UIX64_net_strings.txt	0x003850D0	ascii	SO3UI K3DEngineScriptTable::LuaModel_SetForceRealInterpolate failed
JX3UIX64_net_strings.txt	0x0041C9F0	ascii	sslv3 rollback attack
JX3UIX64_net_strings.txt	0x00420968	ascii	prediction resistance not supported
JX3UIX64_net_strings.txt	0x00463B60	ascii	AntiReplay
JX3UIX64_net_strings.txt	0x00463D50	ascii	anti_replay
JX3UIX64_net_strings.txt	0x00463D60	ascii	no_anti_replay
JX3UIX64_net_strings.txt	0x00393F90	ascii	KGameWorldUIHandler::OnSkillEffectLog
JX3UIX64_net_strings.txt	0x00397788	ascii	SYNC_BF_RANK_LIST
JX3UIX64_net_strings.txt	0x003979A0	ascii	ON_SYNC_BF_ROLE_DATA
JX3UIX64_net_strings.txt	0x00397FC8	ascii	ON_SYNC_BF_ROLE_TO_TEAM_GROUP_ID_INFO_FINISHED
DLBT_net_strings.txt	0x00753128	ascii	sslv3 rollback attack
