container_id,type,index,count,flag,extra
1048576,1,100446,1,0,
1048576,7,42592,2,1,abc
1048577,1,100446,1,0,
1048577,7,42592,2,1,abc
1048578,1,100446,1,0,
1048578,7,42592,2,1,abc
1048579,1,100446,1,0,
1048579,7,42592,2,1,abc
1048580,1,100446,1,0,
1048580,7,42592,2,1,abc
1048581,1,100446,1,0,
1048581,7,42592,2,1,abc
1048582,1,100446,1,0,
1048582,7,42592,2,1,abc
1048583,1,100446,1,0,
1048583,7,42592,2,1,abc
1048584,1,100446,1,0,
1048584,7,42592,2,1,abc
1048585,1,100446,1,0,
1048585,7,42592,2,1,abc
1048586,1,100446,1,0,
1048586,7,42592,2,1,abc
1048587,1,100446,1,0,
1048587,7,42592,2,1,abc
1048588,1,100446,1,0,
1048588,7,42592,2,1,abc
1048589,1,100446,1,0,
1048589,7,42592,2,1,abc
1048590,1,100446,1,0,
1048590,7,42592,2,1,abc
1048591,1,100446,1,0,
1048591,7,42592,2,1,abc
1048592,1,100446,1,0,
1048592,7,42592,2,1,abc
1048593,1,100446,1,0,
1048593,7,42592,2,1,abc
1048594,1,100446,1,0,
1048594,7,42592,2,1,abc
1048595,1,100446,1,0,
1048595,7,42592,2,1,abc
1048596,1,100446,1,0,
1048596,7,42592,2,1,abc
1048597,1,100446,1,0,
1048597,7,42592,2,1,abc
1048598,1,100446,1,0,
1048598,7,42592,2,1,abc
1048599,1,100446,1,0,
1048599,7,42592,2,1,abc
1048600,1,100446,1,0,
1048600,7,42592,2,1,abc
1048601,1,100446,1,0,
1048601,7,42592,2,1,abc
1048602,1,100446,1,0,
1048602,7,42592,2,1,abc
1048603,1,100446,1,0,
1048603,7,42592,2,1,abc
1048604,1,100446,1,0,
1048604,7,42592,2,1,abc
1048605,1,100446,1,0,
1048605,7,42592,2,1,abc
1048606,1,100446,1,0,
1048606,7,42592,2,1,abc
1048607,1,100446,1,0,
1048607,7,42592,2,1,abc
1048608,1,100446,1,0,
1048608,7,42592,2,1,abc
1048609,1,100446,1,0,
1048609,7,42592,2,1,abc
1048610,1,100446,1,0,
1048610,7,42592,2,1,abc
1048611,1,100446,1,0,
1048611,7,42592,2,1,abc
1048612,1,100446,1,0,
1048612,7,42592,2,1,abc
1048613,1,100446,1,0,
1048613,7,42592,2,1,abc
1048614,1,100446,1,0,
1048614,7,42592,2,1,abc
1048615,1,100446,1,0,
1048615,7,42592,2,1,abc
