call_addr	protocol_id	size	function	source
0x1801695ba	0x0016	?		JX3LogicEditOperationX64.dll
0x18016a130	0x01E1	0x20	KPlayerClient::DoAbortMapAppointmentRequest	JX3LogicEditOperationX64.dll
0x18016a1bc	0x01C8	0xF	KPlayerClient::DoAbortMapAppointmentRequest	JX3LogicEditOperationX64.dll
0x18016a253	0x0033	?	KPlayerClient::DoAbortMapAppointmentRequest	JX3LogicEditOperationX64.dll
0x18016a2d9	0x0087	?	KPlayerClient::DoAbortMapAppointmentRequest	JX3LogicEditOperationX64.dll
0x18016a34e	0x007F	?	KPlayerClient::DoAbortMapAppointmentRequest	JX3LogicEditOperationX64.dll
0x18016a3c3	0x0083	?	KPlayerClient::DoAbortMapAppointmentRequest	JX3LogicEditOperationX64.dll
0x18016a4c6	0x0083	0x14	KPlayerClient::DoAcceptQuest	JX3LogicEditOperationX64.dll
0x18016a585	0x0157	0x18	KPlayerClient::DoAccountSharedPackageExchangeItemRequest	JX3LogicEditOperationX64.dll
0x18016a64b	0x0156	?	KPlayerClient::DoAccountSharedPackagePutItemRequest	JX3LogicEditOperationX64.dll
0x18016a717	0x0155	?	KPlayerClient::DoAccountSharedPackageTakeItemRequest	JX3LogicEditOperationX64.dll
0x18016a7ac	0x015B	0xF	KPlayerClient::DoAddAttractionReached	JX3LogicEditOperationX64.dll
0x18016a8b3	0x0179	0x57	KPlayerClient::DoAddBiddingPenaltyRecord	JX3LogicEditOperationX64.dll
0x18016aa72	0x0147	0x20	KPlayerClient::DoAddCoinShopCartInfo	JX3LogicEditOperationX64.dll
0x18016ab9e	0x0144	0x20	KPlayerClient::DoAddCoinShopPresetInfo	JX3LogicEditOperationX64.dll
0x18016ac3c	0x0189	0xF	KPlayerClient::DoAddEmotionToFavorites	JX3LogicEditOperationX64.dll
0x18016ad06	0x005A	0x2C	KPlayerClient::DoAddFellowshipRequest	JX3LogicEditOperationX64.dll
0x18016adb6	0x00E6	?	KPlayerClient::DoAddFellowshipRequest	JX3LogicEditOperationX64.dll
0x18016ae16	0x0102	?	KPlayerClient::DoAddTrainToSkill	JX3LogicEditOperationX64.dll
0x18016ae99	0x01E2	?	KPlayerClient::DoApplyAIAgentChatRecordInfo	JX3LogicEditOperationX64.dll
0x18016af0c	0x00BB	0xF	KPlayerClient::DoApplyAchievementDataRequest	JX3LogicEditOperationX64.dll
0x18016af98	0x0158	?	KPlayerClient::DoApplyAddSelfToAccountShared	JX3LogicEditOperationX64.dll
0x18016b02c	0x00E5	0xF	KPlayerClient::DoApplyAllGlobalCounter	JX3LogicEditOperationX64.dll
0x18016b0b8	0x013C	?	KPlayerClient::DoApplyAllHorseEquipPresetData	JX3LogicEditOperationX64.dll
0x18016b148	0x013E	?	KPlayerClient::DoApplyAllSceneSfxSimpleInfo	JX3LogicEditOperationX64.dll
0x18016b1da	0x0093	?	KPlayerClient::DoApplyAllSceneSfxSimpleInfo	JX3LogicEditOperationX64.dll
0x18016b228	0x0160	?	KPlayerClient::DoApplyBFPlayerTeamGroupIDInfo	JX3LogicEditOperationX64.dll
0x18016b2c6	0x0153	?	KPlayerClient::DoApplyBFRoleData	JX3LogicEditOperationX64.dll
0x18016b366	0x015D	?	KPlayerClient::DoApplyBFRoleWeekData	JX3LogicEditOperationX64.dll
0x18016b3f8	0x0186	?	KPlayerClient::DoApplyBFTongLeagueJoinInfo	JX3LogicEditOperationX64.dll
0x18016b488	0x018E	?	KPlayerClient::DoApplyBFTongOnlineMemberCount	JX3LogicEditOperationX64.dll
0x18016b51a	0x00B0	?	KPlayerClient::DoApplyBFTongOnlineMemberCount	JX3LogicEditOperationX64.dll
0x18016b568	0x0114	?	KPlayerClient::DoApplyCastleData	JX3LogicEditOperationX64.dll
0x18016b601	0x0152	?	KPlayerClient::DoApplyChangePendentPetPos	JX3LogicEditOperationX64.dll
0x18016b68c	0x010C	0xC	KPlayerClient::DoApplyChangeRegisterIPByLogin	JX3LogicEditOperationX64.dll
0x18016b74d	0x0020	?	KPlayerClient::DoApplyCharacterBuffList	JX3LogicEditOperationX64.dll
0x18016b7eb	0x00CF	?	KPlayerClient::DoApplyCharacterBuffList	JX3LogicEditOperationX64.dll
0x18016b856	0x016E	?	KPlayerClient::DoApplyCoinShopGrouponInfo	JX3LogicEditOperationX64.dll
0x18016b8ec	0x0107	0xF	KPlayerClient::DoApplyCustomRankList	JX3LogicEditOperationX64.dll
0x18016b981	0x01EB	?	KPlayerClient::DoApplyCustomText	JX3LogicEditOperationX64.dll
0x18016ba39	0x011E	0x1D	KPlayerClient::DoApplyDiamondSlotAttrChange	JX3LogicEditOperationX64.dll
0x18016bad6	0x011F	?	KPlayerClient::DoApplyDiamondSlotAttrReset	JX3LogicEditOperationX64.dll
0x18016bb76	0x0167	?	KPlayerClient::DoApplyDungeonRoleProgressRequest	JX3LogicEditOperationX64.dll
0x18016bcc7	0x0003	0xF	KPlayerClient::DoApplyEnterScene	JX3LogicEditOperationX64.dll
0x18016bf66	0x00E4	?	KPlayerClient::DoApplyEquipLiftedFaceData	JX3LogicEditOperationX64.dll
0x18016c017	0x0105	0x23	KPlayerClient::DoApplyEquipMagicChange	JX3LogicEditOperationX64.dll
0x18016c0b1	0x0106	?	KPlayerClient::DoApplyEquipMagicReset	JX3LogicEditOperationX64.dll
0x18016c13c	0x0151	0xF	KPlayerClient::DoApplyEquipPendentPet	JX3LogicEditOperationX64.dll
0x18016c1fc	0x0046	?	KPlayerClient::DoApplyExchangeItem	JX3LogicEditOperationX64.dll
0x18016c294	0x0062	?	KPlayerClient::DoApplyFellowshipPreferOrPushList	JX3LogicEditOperationX64.dll
0x18016c328	0x0109	?	KPlayerClient::DoApplyFellowshipPushByIP	JX3LogicEditOperationX64.dll
0x18016c3bc	0x010A	0xF	KPlayerClient::DoApplyFellowshipPushByQuest	JX3LogicEditOperationX64.dll
0x18016c44a	0x0063	?	KPlayerClient::DoApplyFellowshipTypeRequest	JX3LogicEditOperationX64.dll
0x18016c4e1	0x0174	?	KPlayerClient::DoApplyGlobalActivityCounter	JX3LogicEditOperationX64.dll
0x18016c578	0x008E	?	KPlayerClient::DoApplyGlobalActivityCounter	JX3LogicEditOperationX64.dll
0x18016c5cc	0x00FA	0xF	KPlayerClient::DoApplyItemRestoreInfo	JX3LogicEditOperationX64.dll
0x18016c70e	0x0023	0x33	KPlayerClient::DoApplyJoinTeamRequest	JX3LogicEditOperationX64.dll
0x18016c7cd	0x0024	0x2F	KPlayerClient::DoApplyJoinTeamRespond	JX3LogicEditOperationX64.dll
0x18016c89c	0x0099	0xF	KPlayerClient::DoApplyKickOutTongMember	JX3LogicEditOperationX64.dll
0x18016c92e	0x00F7	?	KPlayerClient::DoApplyKickOutTongMember	JX3LogicEditOperationX64.dll
0x18016c9a1	0x011D	?	KPlayerClient::DoApplyMentorOrApprenticePushList	JX3LogicEditOperationX64.dll
0x18016ca36	0x0108	?	KPlayerClient::DoApplyMilitaryRankList	JX3LogicEditOperationX64.dll
0x18016cace	0x00F4	?	KPlayerClient::DoApplyMilitaryRankList	JX3LogicEditOperationX64.dll
0x18016cb2a	0x0008	?	KPlayerClient::DoApplyMilitaryRankList	JX3LogicEditOperationX64.dll
0x18016cb81	0x019D	?	KPlayerClient::DoApplyNpcAssistedRepresent	JX3LogicEditOperationX64.dll
0x18016cc0c	0x0190	0xF	KPlayerClient::DoApplyObjSlotInfo	JX3LogicEditOperationX64.dll
0x18016cc9c	0x00A4	0xF	KPlayerClient::DoApplyOpenTongRepertoryRequest	JX3LogicEditOperationX64.dll
0x18016cd38	0x006C	?	KPlayerClient::DoApplyOpenTongRepertoryRequest	JX3LogicEditOperationX64.dll
0x18016ce59	0x0181	0x35	KPlayerClient::DoApplyParkourInfo	JX3LogicEditOperationX64.dll
0x18016cef6	0x0018	?	KPlayerClient::DoApplyParkourInfo	JX3LogicEditOperationX64.dll
0x18016cf48	0x009C	?	KPlayerClient::DoApplyQuitTongRequest	JX3LogicEditOperationX64.dll
0x18016cfdc	0x00F0	0xC	KPlayerClient::DoApplyRealTimeRankList	JX3LogicEditOperationX64.dll
0x18016d071	0x0178	?	KPlayerClient::DoApplyRemoteDataRequest	JX3LogicEditOperationX64.dll
0x18016d0f8	0x01D2	?	KPlayerClient::DoApplySceneHeatMap	JX3LogicEditOperationX64.dll
0x18016d188	0x013F	?	KPlayerClient::DoApplySceneSfxDetailInfo	JX3LogicEditOperationX64.dll
0x18016d27c	0x01A5	?	KPlayerClient::DoApplySetCollectionAwardRequest	JX3LogicEditOperationX64.dll
0x18016d3ed	0x0188	?	KPlayerClient::DoApplySetCollectionAwardRequest	JX3LogicEditOperationX64.dll
0x18016d482	0x0184	?	KPlayerClient::DoApplyShowCardData	JX3LogicEditOperationX64.dll
0x18016d512	0x01D3	?	KPlayerClient::DoApplyShowCardData	JX3LogicEditOperationX64.dll
0x18016d5a2	0x01D4	?	KPlayerClient::DoApplyShowCardData	JX3LogicEditOperationX64.dll
0x18016d7cc	0x0131	0xF	KPlayerClient::DoApplyStartEmotionAction	JX3LogicEditOperationX64.dll
0x18016d85c	0x0129	0xF	KPlayerClient::DoApplyTeamMemberForceID	JX3LogicEditOperationX64.dll
0x18016d966	0x0122	?	KPlayerClient::DoApplyTeamPushSingle	JX3LogicEditOperationX64.dll
0x18016d9ec	0x0128	0xF	KPlayerClient::DoApplyTeamPushSingle	JX3LogicEditOperationX64.dll
0x18016da8b	0x0095	?	KPlayerClient::DoApplyTongLeagueRank	JX3LogicEditOperationX64.dll
0x18016dae6	0x01D1	?	KPlayerClient::DoApplyTongLeagueRank	JX3LogicEditOperationX64.dll
0x18016db83	0x0096	?	KPlayerClient::DoApplyTongLeagueRank	JX3LogicEditOperationX64.dll
0x18016dc9a	0x0094	?	KPlayerClient::DoApplyTongWarKillStatRequest	JX3LogicEditOperationX64.dll
0x18016e071	0x0047	0x23	KPlayerClient::DoApplyUseItem	JX3LogicEditOperationX64.dll
0x18016e14f	0x0047	0x16	KPlayerClient::DoApplyUseMultiItem	JX3LogicEditOperationX64.dll
0x18016e1d6	?	0x4F	KPlayerClient::DoApplyWebDataSign	JX3LogicEditOperationX64.dll
0x18016e291	?	0x53	KPlayerClient::DoApplyWebDataToken	JX3LogicEditOperationX64.dll
0x18016e31c	0x0119	0xC	KPlayerClient::DoApplyWeiboToken	JX3LogicEditOperationX64.dll
0x18016e45e	0x018D	?	KPlayerClient::DoAsuraMsgNotify	JX3LogicEditOperationX64.dll
0x18016e4ed	0x01D5	0x13	KPlayerClient::DoAuctionAvgLookupRequest	JX3LogicEditOperationX64.dll
0x18016e6d8	0x00B2	0x63	KPlayerClient::DoAuctionBidRequest	JX3LogicEditOperationX64.dll
0x18016e76c	0x00B4	0xF	KPlayerClient::DoAuctionCancelRequest	JX3LogicEditOperationX64.dll
0x18016e8fb	0x00B1	0xAE	KPlayerClient::DoAuctionLookupRequest	JX3LogicEditOperationX64.dll
0x18016e9d0	0x00B3	0x2A	KPlayerClient::DoAuctionSellRequest	JX3LogicEditOperationX64.dll
0x18016ea61	0x00B7	?	KPlayerClient::DoBMBidCancelRequest	JX3LogicEditOperationX64.dll
0x18016eb0d	0x00B6	0x1C	KPlayerClient::DoBMBidRequest	JX3LogicEditOperationX64.dll
0x18016eb9c	0x00B5	0xC	KPlayerClient::DoBMLookupRequest	JX3LogicEditOperationX64.dll
0x18016ec9d	0x01B6	?	KPlayerClient::DoBatchDeleteMysteryPendantItem	JX3LogicEditOperationX64.dll
0x18016ed63	0x01A9	?	KPlayerClient::DoBatchDeleteMysteryPendantItem	JX3LogicEditOperationX64.dll
0x18016edd6	0x01AB	?	KPlayerClient::DoBatchDeleteMysteryPendantItem	JX3LogicEditOperationX64.dll
0x18016ee58	0x01AA	?	KPlayerClient::DoBatchDeleteMysteryPendantItem	JX3LogicEditOperationX64.dll
0x18016eec6	0x0057	?	KPlayerClient::DoBatchDeleteMysteryPendantItem	JX3LogicEditOperationX64.dll
0x18016eff9	0x01A0	?	KPlayerClient::DoBodyBoneChangeRequest	JX3LogicEditOperationX64.dll
0x18016f08d	0x01A1	0xD	KPlayerClient::DoBodyBoneEquipRequest	JX3LogicEditOperationX64.dll
0x18016f169	0x01A1	0x3A	KPlayerClient::DoBookSceneSfxRequest	JX3LogicEditOperationX64.dll
0x18016f1ec	0x00EE	0xF	KPlayerClient::DoBuyCubPackageRequest	JX3LogicEditOperationX64.dll
0x18016f429	0x01E4	?	KPlayerClient::DoBuyExteriorCustomDyeing	JX3LogicEditOperationX64.dll
0x18016f5b4	0x01DE	?	KPlayerClient::DoBuyHairCustomDyeing	JX3LogicEditOperationX64.dll
0x18016f642	0x01D8	?	KPlayerClient::DoBuyNpcExteriorRequest	JX3LogicEditOperationX64.dll
0x18016f7e6	0x01DA	?	KPlayerClient::DoBuyNpcExteriorRequest	JX3LogicEditOperationX64.dll
0x18016f90c	0x019B	?	KPlayerClient::DoBuyNpcExteriorRequest	JX3LogicEditOperationX64.dll
0x18016f9ac	0x00AF	0xF	KPlayerClient::DoBuyRoleRenameChanceRequest	JX3LogicEditOperationX64.dll
0x18016fa3c	0x00AE	0xF	KPlayerClient::DoBuyTongRenameChanceRequest	JX3LogicEditOperationX64.dll
0x18016facc	0x0171	0xF	KPlayerClient::DoCampPlantCommanderInfoRequest	JX3LogicEditOperationX64.dll
0x18016fb5c	0x0172	0xF	KPlayerClient::DoCampPlantExploitRequest	JX3LogicEditOperationX64.dll
0x18016fcd0	0x0173	?	KPlayerClient::DoCampPlantInstructionRequest	JX3LogicEditOperationX64.dll
0x18016fd5c	0x0175	0xF	KPlayerClient::DoCampPlantOBDataRequest	JX3LogicEditOperationX64.dll
0x18016fdf1	0x019A	?	KPlayerClient::DoCanConsignTradeMallItemRequest	JX3LogicEditOperationX64.dll
0x18016fe78	0x0187	?	KPlayerClient::DoCancelBFTongLeagueSignUp	JX3LogicEditOperationX64.dll
0x18016ff0a	0x001D	?	KPlayerClient::DoCancelBFTongLeagueSignUp	JX3LogicEditOperationX64.dll
0x18016ff58	0x009F	?	KPlayerClient::DoCancelChangeTongMaster	JX3LogicEditOperationX64.dll
0x18016ffec	0x00C7	0xF	KPlayerClient::DoCancelPeerPayRequest	JX3LogicEditOperationX64.dll
0x18017007a	0x0030	?	KPlayerClient::DoCancelPeerPayRequest	JX3LogicEditOperationX64.dll
0x1801700c8	0x0162	?	KPlayerClient::DoCancelSyncBattlefieldCompetitorSkillCDStateRequest	JX3LogicEditOperationX64.dll
0x180170158	0x01E7	?	KPlayerClient::DoCancelSyncDungeonCompetitorSkillCDStateRequest	JX3LogicEditOperationX64.dll
0x18017020c	0x0104	0x1F	KPlayerClient::DoCastHoardSkill	JX3LogicEditOperationX64.dll
0x1801703c1	0x0049	0x20	KPlayerClient::DoCastProfessionSkill	JX3LogicEditOperationX64.dll
0x18017044f	0x004A	?	KPlayerClient::DoChangeDynamicSkillGroup	JX3LogicEditOperationX64.dll
0x1801704fe	0x004A	0x2F	KPlayerClient::DoChangeMemberRemarkRequest	JX3LogicEditOperationX64.dll
0x180170591	0x0197	?	KPlayerClient::DoChangeSkillSkinState	JX3LogicEditOperationX64.dll
0x18017061c	0x0100	0xF	KPlayerClient::DoChangeTalentSet	JX3LogicEditOperationX64.dll
0x1801706ac	0x009E	0xF	KPlayerClient::DoChangeTongMasterRequest	JX3LogicEditOperationX64.dll
0x180170741	0x009D	?	KPlayerClient::DoChangeTongMemberGroupRequest	JX3LogicEditOperationX64.dll
0x1801707d8	0x0014	?	KPlayerClient::DoChangeTongMemberGroupRequest	JX3LogicEditOperationX64.dll
0x1801708e9	0x0014	?	KPlayerClient::DoCharacterJump	JX3LogicEditOperationX64.dll
0x18017097e	0x004E	?	KPlayerClient::DoCharacterJump	JX3LogicEditOperationX64.dll
0x180170a59	0x000E	?	KPlayerClient::DoCharacterJump	JX3LogicEditOperationX64.dll
0x180170b02	0x0012	?	KPlayerClient::DoCharacterJump	JX3LogicEditOperationX64.dll
0x180170c12	0x001B	0x1D	KPlayerClient::DoCharacterSkill	JX3LogicEditOperationX64.dll
0x180170cc1	0x000C	0x29	KPlayerClient::DoCharacterSkill	JX3LogicEditOperationX64.dll
0x180170da7	0x0009	?	KPlayerClient::DoCharacterSkill	JX3LogicEditOperationX64.dll
0x180170e6c	0x0002	?	KPlayerClient::DoCloseIdenfityRequest	JX3LogicEditOperationX64.dll
0x180170f48	0x013A	?	KPlayerClient::DoCloseIdenfityRequest	JX3LogicEditOperationX64.dll
0x1801710a5	0x00DB	?	KPlayerClient::DoCoinShopBuyRequest	JX3LogicEditOperationX64.dll
0x180171161	0x012C	?	KPlayerClient::DoCoinShopChangeExteriorColor	JX3LogicEditOperationX64.dll
0x1801711f1	0x00DE	?	KPlayerClient::DoCoinShopDelBoxGoods	JX3LogicEditOperationX64.dll
0x180171281	0x0191	?	KPlayerClient::DoCoinShopDrawRequest	JX3LogicEditOperationX64.dll
0x180171435	0x00DC	?	KPlayerClient::DoCoinShopPeerPayRequest	JX3LogicEditOperationX64.dll
0x180171599	0x00DA	?	KPlayerClient::DoCoinShopSaveRequest	JX3LogicEditOperationX64.dll
0x180171651	0x00DD	?	KPlayerClient::DoCoinShopTakeBoxGoods	JX3LogicEditOperationX64.dll
0x1801716e2	0x00D9	?	KPlayerClient::DoComfirmEnterQueueMap	JX3LogicEditOperationX64.dll
0x180171771	0x0116	?	KPlayerClient::DoComfirmEnterQueueMap	JX3LogicEditOperationX64.dll
0x1801717fc	0x012F	0xC	KPlayerClient::DoComfirmOrCancelSyncMapProgess	JX3LogicEditOperationX64.dll
0x180171893	0x008C	?	KPlayerClient::DoComfirmOrCancelSyncMapProgess	JX3LogicEditOperationX64.dll
0x180171935	0x0089	?	KPlayerClient::DoCorpsCreateRequest	JX3LogicEditOperationX64.dll
0x180171993	0x008B	?	KPlayerClient::DoCorpsCreateRequest	JX3LogicEditOperationX64.dll
0x1801719ee	0x008A	?	KPlayerClient::DoCorpsCreateRequest	JX3LogicEditOperationX64.dll
0x180171a4e	0x00F3	?	KPlayerClient::DoCorpsCreateRequest	JX3LogicEditOperationX64.dll
0x180171acd	0x005B	?	KPlayerClient::DoDelFellowshipRequest	JX3LogicEditOperationX64.dll
0x180171b71	0x0056	?	KPlayerClient::DoDelFellowshipRequest	JX3LogicEditOperationX64.dll
0x180171c2b	0x0134	0x2B	KPlayerClient::DoDeleteBuyItemOrderData	JX3LogicEditOperationX64.dll
0x180171cc1	0x0148	?	KPlayerClient::DoDeleteCoinShopCartInfo	JX3LogicEditOperationX64.dll
0x180171d51	0x0145	?	KPlayerClient::DoDeleteCoinShopPresetInfo	JX3LogicEditOperationX64.dll
0x180171dde	0x006A	?	KPlayerClient::DoDeleteCoinShopPresetInfo	JX3LogicEditOperationX64.dll
0x180171e47	0x01B1	?	KPlayerClient::DoDeleteMysteryPendant	JX3LogicEditOperationX64.dll
0x180171edc	0x00C8	0xF	KPlayerClient::DoDeletePeerPayRequest	JX3LogicEditOperationX64.dll
0x180171f78	0x0053	?	KPlayerClient::DoDeletePeerPayRequest	JX3LogicEditOperationX64.dll
0x180171fcd	0x017F	0x13	KPlayerClient::DoDoInnerChargeRequest	JX3LogicEditOperationX64.dll
0x18017205a	0x00EC	?	KPlayerClient::DoDoInnerChargeRequest	JX3LogicEditOperationX64.dll
0x1801720b8	0x00EB	?	KPlayerClient::DoDoInnerChargeRequest	JX3LogicEditOperationX64.dll
0x180172113	0x00E9	?	KPlayerClient::DoDoInnerChargeRequest	JX3LogicEditOperationX64.dll
0x180172173	0x00EA	?	KPlayerClient::DoDoInnerChargeRequest	JX3LogicEditOperationX64.dll
0x1801721e7	0x01C3	0x16	KPlayerClient::DoDownloadShowCardImageRequest	JX3LogicEditOperationX64.dll
0x180172323	0x0166	?	KPlayerClient::DoDungeonServerTransferMessage	JX3LogicEditOperationX64.dll
0x1801723aa	0x006F	?	KPlayerClient::DoDungeonServerTransferMessage	JX3LogicEditOperationX64.dll
0x1801723fc	0x01AD	0xF	KPlayerClient::DoEnableIgnoreGravity	JX3LogicEditOperationX64.dll
0x1801724a1	0x0055	?	KPlayerClient::DoEnableIgnoreGravity	JX3LogicEditOperationX64.dll
0x1801724fd	0x01E3	0xD	KPlayerClient::DoEquipDesignationDecorationRequest	JX3LogicEditOperationX64.dll
0x18017258c	0x0136	0xF	KPlayerClient::DoEquipHorseEquipRequest	JX3LogicEditOperationX64.dll
0x18017261f	0x0045	?	KPlayerClient::DoEquipHorseRequest	JX3LogicEditOperationX64.dll
0x1801726ad	0x01B5	0xD	KPlayerClient::DoEquipMysteryPendant	JX3LogicEditOperationX64.dll
0x1801727b5	0x019C	?	KPlayerClient::DoEquipNpcExteriorRequest	JX3LogicEditOperationX64.dll
0x18017284c	0x00CD	0xF	KPlayerClient::DoExchangeCoinToTimeRequest	JX3LogicEditOperationX64.dll
0x180172909	0x00A7	0x17	KPlayerClient::DoExchangeTongRepertoryItemPosRequest	JX3LogicEditOperationX64.dll
0x1801729a2	0x01E5	?	KPlayerClient::DoFaceLiftDeleteRequest	JX3LogicEditOperationX64.dll
0x180172a97	0x00DF	?	KPlayerClient::DoFaceLiftDeleteRequest	JX3LogicEditOperationX64.dll
0x180172b1d	0x00E2	0xD	KPlayerClient::DoFaceLiftDeleteRequest	JX3LogicEditOperationX64.dll
0x180172bad	0x00E1	0xD	KPlayerClient::DoFaceLiftEquipRequest	JX3LogicEditOperationX64.dll
0x180172c5e	0x00ED	?	KPlayerClient::DoFaceLiftEquipRequest	JX3LogicEditOperationX64.dll
0x180172d4c	0x0054	0x5F	KPlayerClient::DoFinishBidding	JX3LogicEditOperationX64.dll
0x180172dae	0x0050	?	KPlayerClient::DoFinishBidding	JX3LogicEditOperationX64.dll
0x180172e68	0x0031	0x1F	KPlayerClient::DoFinishQuest	JX3LogicEditOperationX64.dll
0x180172f11	0x00E7	0x13	KPlayerClient::DoFollowInviteRespond	JX3LogicEditOperationX64.dll
0x180172f9a	0x007A	?	KPlayerClient::DoFollowInviteRespond	JX3LogicEditOperationX64.dll
0x180172ff1	0x00C2	?	KPlayerClient::DoGameCardBuyCoinRequest	JX3LogicEditOperationX64.dll
0x180173081	0x00C6	?	KPlayerClient::DoGameCardBuyMoneyRequest	JX3LogicEditOperationX64.dll
0x180173111	0x00C4	?	KPlayerClient::DoGameCardCancelRequest	JX3LogicEditOperationX64.dll
0x1801731be	0x00C3	0x13	KPlayerClient::DoGameCardLookupRequest	JX3LogicEditOperationX64.dll
0x180173256	0x00C1	?	KPlayerClient::DoGameCardSellCoinRequest	JX3LogicEditOperationX64.dll
0x1801732f6	0x00C5	?	KPlayerClient::DoGameCardSellMoneyRequest	JX3LogicEditOperationX64.dll
0x180173396	0x0146	?	KPlayerClient::DoGetArenaRankRequest	JX3LogicEditOperationX64.dll
0x18017342c	0x0149	0xC	KPlayerClient::DoGetArenaRecommendListRequest	JX3LogicEditOperationX64.dll
0x1801734d1	0x015C	0x1B	KPlayerClient::DoGetBFRankRequest	JX3LogicEditOperationX64.dll
0x1801735c5	0x0183	0x2F	KPlayerClient::DoGetChatGiftRequest	JX3LogicEditOperationX64.dll
0x180173715	0x0165	?	KPlayerClient::DoGetCoinShopRecommendationRequest	JX3LogicEditOperationX64.dll
0x18017379e	0x0065	?	KPlayerClient::DoGetCoinShopRecommendationRequest	JX3LogicEditOperationX64.dll
0x1801737fd	0x012B	0x13	KPlayerClient::DoGetRoleAFKStateRequest	JX3LogicEditOperationX64.dll
0x180173890	0x01DB	?	KPlayerClient::DoGetSMSCode	JX3LogicEditOperationX64.dll
0x18017391c	0x0138	0xF	KPlayerClient::DoGetSimplePlayerInfoRequest	JX3LogicEditOperationX64.dll
0x1801739ac	0x00A1	0xF	KPlayerClient::DoGetTongDescriptionRequest	JX3LogicEditOperationX64.dll
0x180173aee	0x01BB	?	KPlayerClient::DoGlobalRoomMsgNotify	JX3LogicEditOperationX64.dll
0x180173bda	0x0034	?	KPlayerClient::DoGmCommand	JX3LogicEditOperationX64.dll
0x180173c32	0x01DF	?	KPlayerClient::DoHomelandMsgNotify	JX3LogicEditOperationX64.dll
0x180173dae	0x017A	?	KPlayerClient::DoHomelandMsgNotify	JX3LogicEditOperationX64.dll
0x180173e34	0x008D	?	KPlayerClient::DoHomelandMsgNotify	JX3LogicEditOperationX64.dll
0x180173e91	0x0133	?	KPlayerClient::DoInviteEmotionActionRespond	JX3LogicEditOperationX64.dll
0x180173fce	0x0021	0x33	KPlayerClient::DoInviteJoinTeamRequest	JX3LogicEditOperationX64.dll
0x18017408d	0x0022	0x2F	KPlayerClient::DoInviteJoinTeamRespond	JX3LogicEditOperationX64.dll
0x180174174	0x0097	0x2B	KPlayerClient::DoInvitePlayerJoinTongRequest	JX3LogicEditOperationX64.dll
0x18017421d	0x0098	0x14	KPlayerClient::DoInvitePlayerJoinTongRespond	JX3LogicEditOperationX64.dll
0x180174303	0x00F9	?	KPlayerClient::DoItemRestoreListRequest	JX3LogicEditOperationX64.dll
0x1801743b0	0x0085	?	KPlayerClient::DoItemRestoreListRequest	JX3LogicEditOperationX64.dll
0x180174411	0x014A	?	KPlayerClient::DoJoinArenaVisitorQueueRequest	JX3LogicEditOperationX64.dll
0x1801744b3	0x007D	?	KPlayerClient::DoJoinArenaVisitorQueueRequest	JX3LogicEditOperationX64.dll
0x180174522	0x016F	0x1C	KPlayerClient::DoJoinCoinShopGrouponRequest	JX3LogicEditOperationX64.dll
0x1801745ae	0x0081	?	KPlayerClient::DoJoinCoinShopGrouponRequest	JX3LogicEditOperationX64.dll
0x180174700	0x0081	?	KPlayerClient::DoKickoutTeamMember	JX3LogicEditOperationX64.dll
0x18017476a	0x0088	?	KPlayerClient::DoKickoutTeamMember	JX3LogicEditOperationX64.dll
0x1801747ba	0x0086	?	KPlayerClient::DoKickoutTeamMember	JX3LogicEditOperationX64.dll
0x180174808	0x014B	?	KPlayerClient::DoLeaveArenaVisitorQueueRequest	JX3LogicEditOperationX64.dll
0x18017489a	0x0080	?	KPlayerClient::DoLeaveArenaVisitorQueueRequest	JX3LogicEditOperationX64.dll
0x1801748ee	0x007E	?	KPlayerClient::DoLeaveArenaVisitorQueueRequest	JX3LogicEditOperationX64.dll
0x180174951	0x0117	?	KPlayerClient::DoLeaveMapQueue	JX3LogicEditOperationX64.dll
0x180174a61	0x0117	?	KPlayerClient::DoLeaveTeamRequest	JX3LogicEditOperationX64.dll
0x180174aca	0x0084	?	KPlayerClient::DoLeaveTeamRequest	JX3LogicEditOperationX64.dll
0x180174b1a	0x0082	?	KPlayerClient::DoLeaveTeamRequest	JX3LogicEditOperationX64.dll
0x180174b81	0x012A	0x1B	KPlayerClient::DoLogAddFriendByRecommend	JX3LogicEditOperationX64.dll
0x180174c30	0x0111	0x33	KPlayerClient::DoLogFaceLiftCostTime	JX3LogicEditOperationX64.dll
0x180174cbc	0x00E3	0xF	KPlayerClient::DoLogFaceLiftCostTime	JX3LogicEditOperationX64.dll
0x180174d4c	0x010F	0xF	KPlayerClient::DoLogFreeTryOnAdOperation	JX3LogicEditOperationX64.dll
0x180174ddc	0x0110	0xF	KPlayerClient::DoLogOpenCoinShopInterface	JX3LogicEditOperationX64.dll
0x180174eb4	0x0112	0xAF	KPlayerClient::DoLogPeekOtherPlayer	JX3LogicEditOperationX64.dll
0x180174f5c	0x0113	0x16	KPlayerClient::DoLogPreviewExterior	JX3LogicEditOperationX64.dll
0x180174ff3	0x004B	?	KPlayerClient::DoLogPreviewExterior	JX3LogicEditOperationX64.dll
0x18017504a	0x0051	?	KPlayerClient::DoLootMoney	JX3LogicEditOperationX64.dll
0x1801751c1	0x017B	?	KPlayerClient::DoMiniGameMsgNotify	JX3LogicEditOperationX64.dll
0x18017533d	0x009A	?	KPlayerClient::DoModifyTongInfoRequest	JX3LogicEditOperationX64.dll
0x1801754e0	0x009B	?	KPlayerClient::DoModifyTongSchemaRequest	JX3LogicEditOperationX64.dll
0x180175593	0x001C	?	KPlayerClient::DoModifyTongSchemaRequest	JX3LogicEditOperationX64.dll
0x180175718	0x001C	?	KPlayerClient::DoMoveExteriorRequest	JX3LogicEditOperationX64.dll
0x180175931	?	?	KPlayerClient::DoMoveHairRequest	JX3LogicEditOperationX64.dll
0x1801759e1	0x00BF	?	KPlayerClient::DoMoveViewPointRequest	JX3LogicEditOperationX64.dll
0x180175a68	0x01C0	?	KPlayerClient::DoNavStop	JX3LogicEditOperationX64.dll
0x180175b4f	0x01BF	0x5B	KPlayerClient::DoNavTo	JX3LogicEditOperationX64.dll
0x180175c8e	0x0198	?	KPlayerClient::DoNpcAssistedMsgNotify	JX3LogicEditOperationX64.dll
0x180175d28	0x004F	?	KPlayerClient::DoNpcAssistedMsgNotify	JX3LogicEditOperationX64.dll
0x180175d7c	0x0139	0xF	KPlayerClient::DoOpenIdenfityRequest	JX3LogicEditOperationX64.dll
0x180175ebe	0x0199	?	KPlayerClient::DoPVPFieldMsgNotify	JX3LogicEditOperationX64.dll
0x180175f5d	0x00CA	0x23	KPlayerClient::DoPayForPeerPayRequest	JX3LogicEditOperationX64.dll
0x180175fea	0x0076	?	KPlayerClient::DoPeekOtherPlayerBook	JX3LogicEditOperationX64.dll
0x180176084	0x0075	?	KPlayerClient::DoPeekOtherPlayerEquip	JX3LogicEditOperationX64.dll
0x18017611c	0x0163	0xF	KPlayerClient::DoPeekOtherPlayerEquipSimpleInfo	JX3LogicEditOperationX64.dll
0x1801761b6	0x00F1	?	KPlayerClient::DoPeekOtherPlayerExterior	JX3LogicEditOperationX64.dll
0x18017624c	0x00F2	0xF	KPlayerClient::DoPeekOtherPlayerPetList	JX3LogicEditOperationX64.dll
0x1801762da	0x0077	?	KPlayerClient::DoPeekOtherPlayerQuest	JX3LogicEditOperationX64.dll
0x180176371	0x01AE	?	KPlayerClient::DoPeekOtherPlayerSkillCollection	JX3LogicEditOperationX64.dll
0x1801763fc	0x01CE	0xF	KPlayerClient::DoPeekOtherPlayerSkillRecipe	JX3LogicEditOperationX64.dll
0x180176491	0x0101	?	KPlayerClient::DoPeekOtherPlayerTalent	JX3LogicEditOperationX64.dll
0x18017651c	0x01CD	0xF	KPlayerClient::DoPeekOtherPlayerTalentSetSlotSkillList	JX3LogicEditOperationX64.dll
0x1801765b1	0x017D	?	KPlayerClient::DoPeekRemoteDataRequest	JX3LogicEditOperationX64.dll
0x18017663c	0x018F	0xF	KPlayerClient::DoPlayBrightMark	JX3LogicEditOperationX64.dll
0x1801766cf	0x0074	?	KPlayerClient::DoPlayerActiveSkillRecipe	JX3LogicEditOperationX64.dll
0x18017682f	0x0073	?	KPlayerClient::DoPlayerLearnRecipe	JX3LogicEditOperationX64.dll
0x18017698f	0x0072	?	KPlayerClient::DoPlayerLearnSkill	JX3LogicEditOperationX64.dll
0x180176a5e	0x0005	?	KPlayerClient::DoPlayerLearnSkill	JX3LogicEditOperationX64.dll
0x180176abc	0x00B9	0xF	KPlayerClient::DoPlayerReviveRequest	JX3LogicEditOperationX64.dll
0x180176b61	0x01B4	0x12	KPlayerClient::DoPutMysteryPendantItemToBox	JX3LogicEditOperationX64.dll
0x180176bed	0x01B3	0xD	KPlayerClient::DoPutMysteryPendantItemToPackage	JX3LogicEditOperationX64.dll
0x180176c9f	0x00A6	?	KPlayerClient::DoPutTongRepertoryItemRequest	JX3LogicEditOperationX64.dll
0x180176d28	0x017E	?	KPlayerClient::DoQueryAvailableInnerChargeRequest	JX3LogicEditOperationX64.dll
0x180176dc1	0x01B7	?	KPlayerClient::DoQueryItemTradingInfoRequest	JX3LogicEditOperationX64.dll
0x180176e92	0x0066	?	KPlayerClient::DoQueryProductIdentity	JX3LogicEditOperationX64.dll
0x180176f1c	0x00BA	0xF	KPlayerClient::DoQueryProductIdentity	JX3LogicEditOperationX64.dll
0x180176fb2	0x0115	?	KPlayerClient::DoRefusePeerPayRequest	JX3LogicEditOperationX64.dll
0x18017703c	0x00C9	0xF	KPlayerClient::DoRefusePeerPayRequest	JX3LogicEditOperationX64.dll
0x1801770f1	0x011C	0x4F	KPlayerClient::DoRegisterMentorOrApprenticePushInfo	JX3LogicEditOperationX64.dll
0x18017720f	0x0124	0x54	KPlayerClient::DoRegisterTeamApply	JX3LogicEditOperationX64.dll
0x180177307	0x0120	0x40	KPlayerClient::DoRegisterTeamPushInfo	JX3LogicEditOperationX64.dll
0x18017738c	0x0150	0xF	KPlayerClient::DoRemoteCompleteQuest	JX3LogicEditOperationX64.dll
0x180177517	0x00B8	?	KPlayerClient::DoRemoteLuaCall	JX3LogicEditOperationX64.dll
0x18017759c	0x018A	0xF	KPlayerClient::DoRemoveEmotionFromFavorites	JX3LogicEditOperationX64.dll
0x1801776e3	0x0195	0x20	KPlayerClient::DoReplaceCoinShopPresetInfo	JX3LogicEditOperationX64.dll
0x18017777f	0x01C9	?	KPlayerClient::DoReportAutoBattle	JX3LogicEditOperationX64.dll
0x1801778a7	0x01C9	?	KPlayerClient::DoReportEngineOptions	JX3LogicEditOperationX64.dll
0x180177af9	0x01EA	0x7F	KPlayerClient::DoReportEngineOptions	JX3LogicEditOperationX64.dll
0x180177d57	?	0x7FF1	KPlayerClient::DoReportOpenedViewList	JX3LogicEditOperationX64.dll
0x180177fac	0x00CC	0xF	KPlayerClient::DoResendPeerPayRequest	JX3LogicEditOperationX64.dll
0x180178041	0x0126	?	KPlayerClient::DoRespondTeamApply	JX3LogicEditOperationX64.dll
0x1801782c9	?	?	KPlayerClient::DoRestoreItemRequest	JX3LogicEditOperationX64.dll
0x18017838d	0x01A3	0x12	KPlayerClient::DoRetrieveNpcExteriorRequest	JX3LogicEditOperationX64.dll
0x18017841a	0x006B	?	KPlayerClient::DoReturnMail	JX3LogicEditOperationX64.dll
0x1801784aa	0x007B	?	KPlayerClient::DoReturnMail	JX3LogicEditOperationX64.dll
0x180178503	0x0078	?	KPlayerClient::DoReturnMail	JX3LogicEditOperationX64.dll
0x18017856a	0x004C	?	KPlayerClient::DoRollItem	JX3LogicEditOperationX64.dll
0x180178672	0x006E	?	KPlayerClient::DoRoutineSync	JX3LogicEditOperationX64.dll
0x1801786bc	0x00A2	0xF	KPlayerClient::DoSaveMoneyInTongRequest	JX3LogicEditOperationX64.dll
0x18017874c	0x01C7	0xF	KPlayerClient::DoScheduleMapAppointmentRequest	JX3LogicEditOperationX64.dll
0x1801787e2	0x01B2	?	KPlayerClient::DoSelectPendent	JX3LogicEditOperationX64.dll
0x180178a4c	0x01BD	0xC	KPlayerClient::DoSelectShowCardDecorationPreset	JX3LogicEditOperationX64.dll
0x180178adc	0x012D	0xF	KPlayerClient::DoSelectSwitchMapWindow	JX3LogicEditOperationX64.dll
0x180178b81	0x00FF	0x1B	KPlayerClient::DoSelectTalentPoint	JX3LogicEditOperationX64.dll
0x180178c13	0x0044	?	KPlayerClient::DoSelectTalentPoint	JX3LogicEditOperationX64.dll
0x180178cd6	0x0170	0x33	KPlayerClient::DoSendCoinShopGrouponInvite	JX3LogicEditOperationX64.dll
0x180178de9	0x007C	?	KPlayerClient::DoSetCurrentDesignationRequest	JX3LogicEditOperationX64.dll
0x180178ffc	0x0064	?	KPlayerClient::DoSetCurrentDesignationRequest	JX3LogicEditOperationX64.dll
0x180179088	0x00BC	?	KPlayerClient::DoSetCurrentDesignationRequest	JX3LogicEditOperationX64.dll
0x18017911d	0x019E	0xD	KPlayerClient::DoSetCurrentSFXRequest	JX3LogicEditOperationX64.dll
0x1801791b1	0x014C	?	KPlayerClient::DoSetEmotionActionDIYInfo	JX3LogicEditOperationX64.dll
0x180179291	0x01B0	?	KPlayerClient::DoSetEquipCustomRepresentData	JX3LogicEditOperationX64.dll
0x180179326	0x01CF	0x13	KPlayerClient::DoSetEquipCustomSFXData	JX3LogicEditOperationX64.dll
0x1801793bc	0x00E0	0xC	KPlayerClient::DoSetFaceDecorationShowRequest	JX3LogicEditOperationX64.dll
0x18017944c	0x0180	0xC	KPlayerClient::DoSetFacePendentHideRequest	JX3LogicEditOperationX64.dll
0x1801794dd	0x0192	0xD	KPlayerClient::DoSetFellowshipCardSkinRequest	JX3LogicEditOperationX64.dll
0x18017956e	0x014E	?	KPlayerClient::DoSetFellowshipCardSkinRequest	JX3LogicEditOperationX64.dll
0x1801795ce	0x015F	?	KPlayerClient::DoSetFellowshipCardSkinRequest	JX3LogicEditOperationX64.dll
0x180179631	0x001F	?	KPlayerClient::DoSetFellowshipCardSkinRequest	JX3LogicEditOperationX64.dll
0x180179696	0x013D	?	KPlayerClient::DoSetHorseEquipPresetDataRequest	JX3LogicEditOperationX64.dll
0x180179737	0x01D9	?	KPlayerClient::DoSetHorseExterior	JX3LogicEditOperationX64.dll
0x1801797ca	0x0069	?	KPlayerClient::DoSetMailRead	JX3LogicEditOperationX64.dll
0x18017985e	0x00F5	?	KPlayerClient::DoSetMailRead	JX3LogicEditOperationX64.dll
0x1801798c1	0x01A6	?	KPlayerClient::DoSetMobileEmotionActionDIYInfo	JX3LogicEditOperationX64.dll
0x180179951	0x01A7	?	KPlayerClient::DoSetMobileHeadEmotionDIYInfo	JX3LogicEditOperationX64.dll
0x1801799eb	0x0194	?	KPlayerClient::DoSetNameCardSkinsRequest	JX3LogicEditOperationX64.dll
0x180179a82	0x01CC	?	KPlayerClient::DoSetPlayerSignatureRequest	JX3LogicEditOperationX64.dll
0x180179b60	0x0118	0x4B	KPlayerClient::DoSetPlayerSignatureRequest	JX3LogicEditOperationX64.dll
0x180179bec	0x00D3	0xF	KPlayerClient::DoSetPlayerSignatureRequest	JX3LogicEditOperationX64.dll
0x180179c43	0x01D6	?	KPlayerClient::DoSetPlayerSignatureRequest	JX3LogicEditOperationX64.dll
0x180179ca1	0x001E	?	KPlayerClient::DoSetPlayerSignatureRequest	JX3LogicEditOperationX64.dll
0x180179de1	0x001E	?	KPlayerClient::DoSetShowCardData	JX3LogicEditOperationX64.dll
0x180179ed8	0x01BC	?	KPlayerClient::DoSetShowCardDecorationPreset	JX3LogicEditOperationX64.dll
0x180179f86	0x01C6	?	KPlayerClient::DoSetShowCardDecorationPresetState	JX3LogicEditOperationX64.dll
0x18017a0ce	0x01B9	?	KPlayerClient::DoSetSlotToSkill	JX3LogicEditOperationX64.dll
0x18017a15f	0x00D8	?	KPlayerClient::DoSetSlotToSkill	JX3LogicEditOperationX64.dll
0x18017a1ae	0x0032	?	KPlayerClient::DoSetSlotToSkill	JX3LogicEditOperationX64.dll
0x18017a20c	0x0185	0xC	KPlayerClient::DoSignUpBFTongLeague	JX3LogicEditOperationX64.dll
0x18017a34b	0x01BA	?	KPlayerClient::DoSocialMsgNotify	JX3LogicEditOperationX64.dll
0x18017a449	0x0010	?	KPlayerClient::DoSocialMsgNotify	JX3LogicEditOperationX64.dll
0x18017a4fe	0x0011	?	KPlayerClient::DoSocialMsgNotify	JX3LogicEditOperationX64.dll
0x18017a597	0x00A9	?	KPlayerClient::DoStackItemInTongRepertoryRequest	JX3LogicEditOperationX64.dll
0x18017a65a	0x00A8	0x15	KPlayerClient::DoStackTongRepertoryItemRequest	JX3LogicEditOperationX64.dll
0x18017a7aa	0x0103	0x21	KPlayerClient::DoStartHoardSkill	JX3LogicEditOperationX64.dll
0x18017a82a	0x001A	?	KPlayerClient::DoStartHoardSkill	JX3LogicEditOperationX64.dll
0x18017a87a	0x0019	?	KPlayerClient::DoStartHoardSkill	JX3LogicEditOperationX64.dll
0x18017a8c8	0x0132	?	KPlayerClient::DoStopCurrentEmotionAction	JX3LogicEditOperationX64.dll
0x18017a95c	0x013B	0xF	KPlayerClient::DoSwitchIdenfityRequest	JX3LogicEditOperationX64.dll
0x18017a9e8	0x0127	?	KPlayerClient::DoSyncApplyPlayerListRequest	JX3LogicEditOperationX64.dll
0x18017aa78	0x0123	?	KPlayerClient::DoSyncApplyTeamListRequest	JX3LogicEditOperationX64.dll
0x18017ab0f	0x0161	?	KPlayerClient::DoSyncBattlefieldCompetitorSkillCDStateRequest	JX3LogicEditOperationX64.dll
0x18017aba8	0x0091	?	KPlayerClient::DoSyncBattlefieldCompetitorSkillCDStateRequest	JX3LogicEditOperationX64.dll
0x18017abfe	0x008F	?	KPlayerClient::DoSyncBattlefieldCompetitorSkillCDStateRequest	JX3LogicEditOperationX64.dll
0x18017ac63	0x0092	?	KPlayerClient::DoSyncBattlefieldCompetitorSkillCDStateRequest	JX3LogicEditOperationX64.dll
0x18017ada4	0x0092	?	KPlayerClient::DoSyncCustomRepresentAction	JX3LogicEditOperationX64.dll
0x18017ae73	0x01E6	?	KPlayerClient::DoSyncExtPointRequest	JX3LogicEditOperationX64.dll
0x18017aefc	0x015A	0xF	KPlayerClient::DoSyncExtPointRequest	JX3LogicEditOperationX64.dll
0x18017b16f	0x0071	0x3B	KPlayerClient::DoSyncSubSkillPosition	JX3LogicEditOperationX64.dll
0x18017b1ee	0x014F	0xF	KPlayerClient::DoSyncSubSkillPosition	JX3LogicEditOperationX64.dll
0x18017b29c	0x01A8	0x1F	KPlayerClient::DoSyncSubSkillPosition	JX3LogicEditOperationX64.dll
0x18017b328	0x00AC	?	KPlayerClient::DoSyncTongDiplomacyDateRequest	JX3LogicEditOperationX64.dll
0x18017b3bc	0x00AA	0xC	KPlayerClient::DoSyncTongHistoryRequest	JX3LogicEditOperationX64.dll
0x18017b4a6	0x00AA	0xC	KPlayerClient::DoSyncUserPreferences	JX3LogicEditOperationX64.dll
0x18017b518	0x0068	?	KPlayerClient::DoTakeMailItemRequest	JX3LogicEditOperationX64.dll
0x18017b5dd	0x0067	?	KPlayerClient::DoTakeMailMoneyRequest	JX3LogicEditOperationX64.dll
0x18017b6b0	0x00CB	?	KPlayerClient::DoTakePeerPayRequest	JX3LogicEditOperationX64.dll
0x18017b781	0x00A5	0x1A	KPlayerClient::DoTakeTongRepertoryItemRequest	JX3LogicEditOperationX64.dll
0x18017b88f	0x00A5	0x1A	KPlayerClient::DoTeamChangeAuthorityRequest	JX3LogicEditOperationX64.dll
0x18017b928	0x002E	?	KPlayerClient::DoTeamChangeAuthorityRequest	JX3LogicEditOperationX64.dll
0x18017b988	0x01AC	?	KPlayerClient::DoTeamChangeAuthorityRequest	JX3LogicEditOperationX64.dll
0x18017b9da	0x002D	?	KPlayerClient::DoTeamChangeAuthorityRequest	JX3LogicEditOperationX64.dll
0x18017bb23	0x002A	?	KPlayerClient::DoTeamSetFormationLeader	JX3LogicEditOperationX64.dll
0x18017bc4a	0x0028	0xF	KPlayerClient::DoTeamSetLootMode	JX3LogicEditOperationX64.dll
0x18017bcff	0x002C	?	KPlayerClient::DoTeamSetMarkRequest	JX3LogicEditOperationX64.dll
0x18017bde3	0x0029	0xF	KPlayerClient::DoTeamSetRollQuality	JX3LogicEditOperationX64.dll
0x18017be44	0x0015	?	KPlayerClient::DoTeamSetRollQuality	JX3LogicEditOperationX64.dll
0x18017bf04	0x01DD	0x87	KPlayerClient::DoTipRequestByGlobalID	JX3LogicEditOperationX64.dll
0x18017c033	0x01DD	0x87	KPlayerClient::DoTipRequestByShareCode	JX3LogicEditOperationX64.dll
0x18017c242	0x003F	?	KPlayerClient::DoTopPendentRequest	JX3LogicEditOperationX64.dll
0x18017c2a2	0x0043	?	KPlayerClient::DoTradingDeleteItem	JX3LogicEditOperationX64.dll
0x18017c32a	0x0040	?	KPlayerClient::DoTradingDeleteItem	JX3LogicEditOperationX64.dll
0x18017c3be	0x003D	?	KPlayerClient::DoTradingDeleteItem	JX3LogicEditOperationX64.dll
0x18017c41d	0x003E	?	KPlayerClient::DoTradingInviteRespond	JX3LogicEditOperationX64.dll
0x18017c4af	0x0041	?	KPlayerClient::DoTradingInviteRespond	JX3LogicEditOperationX64.dll
0x18017c512	0x0042	?	KPlayerClient::DoTradingInviteRespond	JX3LogicEditOperationX64.dll
0x18017c56c	0x0137	0xC	KPlayerClient::DoUnEquipHorseEquipRequest	JX3LogicEditOperationX64.dll
0x18017c601	0x0182	?	KPlayerClient::DoUnRegisterMentorOrApprenticePushInfo	JX3LogicEditOperationX64.dll
0x18017c68c	0x011B	0xC	KPlayerClient::DoUnbindWeiboRequest	JX3LogicEditOperationX64.dll
0x18017c728	0x0125	0xF	KPlayerClient::DoUnregisterTeamApply	JX3LogicEditOperationX64.dll
0x18017c7b8	0x0121	?	KPlayerClient::DoUnregisterTeamPushInfo	JX3LogicEditOperationX64.dll
0x18017c94e	0x015E	?	KPlayerClient::DoUploadClientPerf	JX3LogicEditOperationX64.dll
0x18017ca16	0x0141	0x1B	KPlayerClient::DoUploadPingStatData	JX3LogicEditOperationX64.dll
0x18017cac1	0x01C2	0xE	KPlayerClient::DoUploadShowCardImageRequest	JX3LogicEditOperationX64.dll
0x18017cb4c	0x0177	0xF	KPlayerClient::DoUseFullAngle	JX3LogicEditOperationX64.dll
0x18017cc8e	0x01A4	?	KPlayerClient::DoVideoManagerNotify	JX3LogicEditOperationX64.dll
0x18017cd21	0x0143	?	KPlayerClient::DoVoteCastleFightActivityLowRespond	JX3LogicEditOperationX64.dll
0x18017cdaf	0x0026	?	KPlayerClient::DoVoteRespond	JX3LogicEditOperationX64.dll
0x18017ce28	0x01D7	?	KPlayerClient::DoWantedInfoQueryRequest	JX3LogicEditOperationX64.dll
0x18017ceb8	0x00F8	?	KPlayerClient::DoWantedPlayerPositionQueryRequest	JX3LogicEditOperationX64.dll
0x18017cffe	0x017C	?	KPlayerClient::DoWebProxyServerMsgNotify	JX3LogicEditOperationX64.dll
0x18017d102	0x011A	0x2C	KPlayerClient::DoWeiboTweetConfirmRequest	JX3LogicEditOperationX64.dll
0x18017d19f	0x0048	?	KPlayerClient::DoWithdrawDeposit	JX3LogicEditOperationX64.dll
0x18017d250	0x01DC	0x2F	KPlayerClient::DoWithdrawDeposit	JX3LogicEditOperationX64.dll
0x18018014a	0x0087	0x23	KPlayerClient::DoWithdrawDeposit	JX3LogicEditOperationX64.dll
0x180187aaf	0x0065	?	KPlayerClient::DoWithdrawDeposit	JX3LogicEditOperationX64.dll
0x18018aa02	?	?	KPlayerClient::DoQueryMailContent	JX3LogicEditOperationX64.dll
0x18019891a	?	0xF	KPlayerClient::DoSyncExtPointRequest	JX3LogicEditOperationX64.dll
0x18019c85c	0x00F4	0xF	KPlayerClient::DoSyncExtPointRequest	JX3LogicEditOperationX64.dll
0x18019da2e	0x004D	0xF	KPlayerClient::DoApplyLootList	JX3LogicEditOperationX64.dll
0x18019ed77	0x0001	0x13	KPlayerClient::DoSyncOBCompetitorSkillList	JX3LogicEditOperationX64.dll
0x18019f014	0x014F	0xF	KPlayerClient::DoSyncOBCompetitorSkillList	JX3LogicEditOperationX64.dll
0x18019f0c3	0x0196	0xF	KPlayerClient::DoSyncOBCompetitorSkillList	JX3LogicEditOperationX64.dll
0x1801a3ff6	0x0004	?	KPlayerClient::DoSyncOBCompetitorSkillList	JX3LogicEditOperationX64.dll
0x1801a950a	0x0164	?	KPlayerClient::DoSyncBattlefieldCompetitorsListRequest	JX3LogicEditOperationX64.dll
0x1801ad1a0	0x0001	?	KPlayerClient::DoHandshakeRequest	JX3LogicEditOperationX64.dll
0x1801ad4d4	0x07FF	?	KPlayerClient::DoHandshakeRequest	JX3LogicEditOperationX64.dll
0x1801ad9bc	?	?	KPlayerClient::DoHandshakeRequest	JX3LogicEditOperationX64.dll
