ID	Name	Useage	BuffType	Level	MapBanMask	ScriptFile
574	剑冲阴阳_debuff	3		1		纯阳/套路及子技能/减疗被驱散删除实际效果.lua
711	兰摧玉折_DOT	2		1		万花\万花_兰摧玉折_被驱散脚本.lua
711	兰摧玉折_DOT	2		2		万花\万花_兰摧玉折_被驱散脚本.lua
711	兰摧玉折_DOT	2		3		万花\万花_兰摧玉折_被驱散脚本.lua
711	兰摧玉折_DOT	2		4		万花\万花_兰摧玉折_被驱散脚本.lua
711	兰摧玉折_DOT	2		5		万花\万花_兰摧玉折_被驱散脚本.lua
711	兰摧玉折_DOT	2		6		万花\万花_兰摧玉折_被驱散脚本.lua
711	兰摧玉折_DOT	2		7		万花\万花_兰摧玉折_被驱散脚本.lua
711	兰摧玉折_DOT	2		8		万花\万花_兰摧玉折_被驱散脚本.lua
711	兰摧玉折_DOT	2		9		万花\万花_兰摧玉折_被驱散脚本.lua
711	兰摧玉折_DOT	2		10		万花\万花_兰摧玉折_被驱散脚本.lua
711	兰摧玉折_DOT	2		11		万花\万花_兰摧玉折_被驱散脚本.lua
711	兰摧玉折_DOT	2		12		万花\万花_兰摧玉折_被驱散脚本.lua
711	兰摧玉折_DOT	2		13		万花\万花_兰摧玉折_被驱散脚本.lua
711	兰摧玉折_DOT	2		14		万花\万花_兰摧玉折_被驱散脚本.lua
711	兰摧玉折_DOT	2		15		万花\万花_兰摧玉折_被驱散脚本.lua
711	兰摧玉折_DOT	2		16		万花\万花_兰摧玉折_被驱散脚本.lua
711	兰摧玉折_DOT	2		17		万花\万花_兰摧玉折_被驱散脚本.lua
711	兰摧玉折_DOT	2		18		万花\万花_兰摧玉折_被驱散脚本.lua
711	兰摧玉折_DOT	2		19		万花\万花_兰摧玉折_被驱散脚本.lua
711	兰摧玉折_DOT_飞白强化	2		20		万花\万花_兰摧玉折_被驱散脚本.lua
1072	御劲	42		1		
1072	御劲	42		2		
1189	神农洇_战场BOSS_大毒尸_狂暴	44		1		
1260	阵营轻功防止被其他换模换动作Buff叠加用Buff	0		1		
1298	草上飞_浩气盟	11		1		
1299	草上飞_恶人谷	11		1		
1412	屹立不倒回复BUFF	43		1	520	
1444	T增加御劲	39		1		
1444	T增加御劲	39		2		
1444	T增加御劲	39		3		
1455	增加化劲	14		1		
1458	增加御劲	14		1		
1762	阵营BOSS暴怒BUFF	40		1		
1762	阵营BOSS暴怒BUFF	40		2		
1800	藏剑_快剑40级内功_梅隐香增加御劲值	6		1		
1854	藏剑_西子情_梅隐香_香梅(带化劲)	6		1		
1854	藏剑_西子情_梅隐香_香梅(带化劲)	6		2		
1854	藏剑_西子情_梅隐香_香梅(带化劲)	6		3		
1854	藏剑_西子情_梅隐香_香梅(带化劲)	6		4		
1854	藏剑_西子情_梅隐香_香梅(带化劲)	6		5		
1880	25人天王殿_御劲壁垒	30		1		
1880	25人天王殿_御劲壁垒	30		2		
2101	阵营主城_活动总控_计时BUFF	53		1		
2102	阵营主城_玩家_任务BUFF	53		1		
2103	阵营主城_阵营首领_不殆	53		1		
2104	阵营主城_玩家_一触即发	53		1		
2105	阵营主城_玩家_偃旗息鼓	53		1		
2198	铁壁_加20%御劲	39		1		
2199	溃甲_减20%御劲	39		1		
2228	阵营攻防战_若神	53		1		
2230	转阵营CD标记DEBUFF	53		1		
2238	阵营攻防战_玩家_战鼓	53		1		
2538	战阶防刷标记1	53		1		
2539	战阶防刷标记2	53		1		
2540	战阶防刷无积分标记	53		1		
2554	任务_竞技场时间控制	54		1		
2662	帮会_擂台_减疗伤成效	55		1		
2662	帮会_擂台_减疗伤成效	55		2		
2662	帮会_擂台_减疗伤成效	55		3		
3137	碎星辰_气场NPC_攻防战优化	3		1		
3137	碎星辰_气场NPC_攻防战优化	3		2		
3137	碎星辰_气场NPC_攻防战优化	3		3		
3137	碎星辰_气场NPC_攻防战优化	3		4		
3137	碎星辰_气场NPC_攻防战优化	3		5		
3137	碎星辰_气场NPC_攻防战优化	3		6		
3137	碎星辰_气场NPC_攻防战优化	3		7		
3138	生太极_减益_气场NPC_攻防战优化	3		1		
3139	凌太虚_气场NPC_攻防战优化	3		1		
3139	凌太虚_气场NPC_攻防战优化	3		2		
3139	凌太虚_气场NPC_攻防战优化	3		3		
3139	凌太虚_气场NPC_攻防战优化	3		4		
3139	凌太虚_气场NPC_攻防战优化	3		5		
3140	化三清_减益_气场NPC_攻防战优化	3		1		
3141	化三清_增益_气场NPC_攻防战优化	3		1		
3149	战场举报_偷懒耍滑	42		1		
3150	战场举报_内置CD	42		1		
3152	战场举报_被举报的debuff	42		1		
3215	唐门_荆天棘地	7		1		
3224	唐门_迷神钉_后3秒无递减	7		3		
3250	阵营_击杀首领_鼓舞	53		1		
3250	阵营_击杀首领_鼓舞	53		2		
3250	阵营_击杀首领_鼓舞	53		3		
3250	阵营_击杀首领_鼓舞	53		4		
3250	阵营_击杀首领_鼓舞	53		5		
3250	阵营_击杀首领_鼓舞	53		6		
3250	阵营_击杀首领_鼓舞	53		7		
3250	阵营_击杀首领_鼓舞	53		8		
3250	阵营_击杀首领_鼓舞	53		9		
3250	阵营_击杀首领_鼓舞	53		10		
3250	阵营_击杀首领_鼓舞	53		11		
3250	阵营_击杀首领_鼓舞	53		12		
3250	阵营_击杀首领_鼓舞	53		13		
3250	阵营_击杀首领_鼓舞	53		14		
3250	阵营_击杀首领_鼓舞	53		15		
3250	阵营_击杀首领_鼓舞	53		16		
3250	阵营_击杀首领_鼓舞	53		17		
3250	阵营_击杀首领_鼓舞	53		18		
3250	阵营_击杀首领_鼓舞	53		19		
3250	阵营_击杀首领_鼓舞	53		20		
3313	阵营_刷战阶惩罚_伪英雄	53		1		
3369	竞技场_删辅助类食品	42		1		
3370	竞技场_删增强类食品	42		1		
3371	竞技场_删宴席	42		1		
3372	竞技场_删辅助类药品	42		1		
3373	竞技场_删增强类药品	42		1		
3381	竞技场_战旗A	42		1		
3386	竞技场_战旗B	42		1		
3387	竞技场_删撼如雷	42		1		
3388	竞技场_删清心静气	42		1		
3389	竞技场_删秀气	42		1		
3390	竞技场_删雨霖铃	42		1		
3391	竞技场_删般若诀	42		1		
3392	竞技场_删药石气劲	42		1		
3393	竞技场_删BUFF用I	42		1		
3394	竞技场_删BUFF用I	42		1		
3395	竞技场_删BUFF用I	42		1		
3396	竞技场_删BUFF用I	42		1		
3397	竞技场_删BUFF用I	42		1		
3398	竞技场_删BUFF用I	42		1		
3430	增加御劲50点	0		1		
3431	增加化劲50点	0		1		
3434	减御劲50点	0		1		
3435	减化劲50点	0		1		
3449	竞技场_标记战阶	42		1		
3602	竞技场_清内功标记	42		1		
3671	阵营_老玩家回归战阶处理	53		1		
3760	攻防战_无极·御	51		1		
3761	攻防战_无极·战	51		1		
3761	攻防战_无极·战	51		2		
3761	攻防战_无极·战	51		3		
3761	攻防战_无极·战	51		4		
3761	攻防战_无极·战	51		5		
3761	攻防战_无极·战	51		6		
3761	攻防战_无极·战	51		7		
3761	攻防战_无极·战	51		8		
3761	攻防战_无极·战	51		9		
3761	攻防战_无极·战	51		10		
3820	攻防战_无极·怒	51		1		
3837	李林的隐藏buff	51		1		
3849	竞技场_回蓝回豆	42		1		
3872	阵营_参与击杀首领数	53		1		
3873	阵营_无极·殇	53		1		
3895	伟龙419需求执行脚本	51		1		
3913	竞技场_删玄水	42		1		
4037	循环检测3620	51		1		
4122	战场标记	51		1		
4128	攻防标记	51		1		
4303	阵营_载具定身	53		1		
4332	阵营_操作箭弩车	53		1		
4459	明教_贪魔体_实际换模	8		1		
4459	明教_贪魔体_实际换模	8		2		
4759	特殊属性·雷·海纳27600阵营拍卖	39		73		
4759	特殊属性·雷·灭气27600阵营拍卖	39		74		
4759	特殊属性·雷·锐刃27600阵营拍卖	39		75		
4759	特殊属性·雷·御受27600阵营拍卖	39		76		
4761	2300阵营拍卖水·百川	39		22		
4761	2300阵营拍卖水·灭虚	39		23		
4761	2300阵营拍卖水·斩流	39		24		
4761	2300阵营拍卖水·封山	39		25		
5015	竞技场_反隐形BUFF	13		1		
5315	大唐监狱_杀气	55		1		
5384	大唐监狱_屠戮	55		1		
5386	大唐监狱_绝世	55		1		
5388	大唐监狱_灭界	55		1		
5427	大唐监狱_杀气01	55		1		
5512	90级阵营_PQ界面刷新buff	53		1		
5514	90级阵营_保护牛车	53		1		
5529	90级阵营_争夺牛车	53		1		
5531	90级阵营_粮草车	53		1		
5532	90级阵营_粮草车	53		1		
5543	90级阵营_减伤	53		1		
5544	90级阵营_突眩晕	53		1		
5748	90级阵营_无敌定身buff	53		1		
5982	逃兵	42		1		
6135	乱世天策新小怪进战斗	88		1		
6360	2300阵营拍卖腰坠·风·百川	39		31		
6360	2300阵营拍卖腰坠·风·灭虚	39		32		
6360	2300阵营拍卖腰坠·风·斩流	39		33		
6360	2300阵营拍卖腰坠·风·御灵	39		34		
6360	2300阵营拍卖腰坠·风·守山	39		35		
6360	2600阵营拍卖腰坠·风·百川	39		41		
6360	2600阵营拍卖腰坠·风·灭虚	39		42		
6360	2600阵营拍卖腰坠·风·斩流	39		43		
6360	2600阵营拍卖腰坠·风·御灵	39		44		
6360	2600阵营拍卖腰坠·风·守山	39		45		
6360	2940阵营拍卖腰坠·风·百川	39		51		
6360	2940阵营拍卖腰坠·风·灭虚	39		52		
6360	2940阵营拍卖腰坠·风·斩流	39		53		
6360	2940阵营拍卖腰坠·风·御灵	39		54		
6360	2940阵营拍卖腰坠·风·守山	39		55		
6360	3300阵营拍卖腰坠·风·百川	39		61		
6360	3300阵营拍卖腰坠·风·灭虚	39		62		
6360	3300阵营拍卖腰坠·风·斩流	39		63		
6360	3300阵营拍卖腰坠·风·御灵	39		64		
6360	3300阵营拍卖腰坠·风·守山	39		65		
6360	46905140阵营拍卖腰坠·风·百川	39		71		
6360	46905140阵营拍卖腰坠·风·灭虚	39		72		
6360	46905140阵营拍卖腰坠·风·斩流	39		73		
6360	46905140阵营拍卖腰坠·风·御灵	39		74		
6360	46905140阵营拍卖腰坠·风·守山	39		75		
6360	5760阵营拍卖腰坠·风·百川	39		81		
6360	5760阵营拍卖腰坠·风·灭虚	39		82		
6360	5760阵营拍卖腰坠·风·斩流	39		83		
6360	5760阵营拍卖腰坠·风·御灵	39		84		
6360	5760阵营拍卖腰坠·风·守山	39		85		
6360	6430阵营拍卖腰坠·风·百川	39		90		
6360	6430阵营拍卖腰坠·风·灭虚	39		91		
6360	6430阵营拍卖腰坠·风·斩流	39		92		
6360	7500阵营拍卖腰坠·风·百川	39		97		
6360	7500阵营拍卖腰坠·风·灭虚	39		98		
6360	7500阵营拍卖腰坠·风·斩流	39		99		
6360	1130011800阵营拍卖腰坠·风·百川	39		104		
6360	1130011800阵营拍卖腰坠·风·灭虚	39		105		
6360	1130011800阵营拍卖腰坠·风·斩流	39		106		
6360	1260013200阵营拍卖腰坠·风·百川	39		111		
6360	1260013200阵营拍卖腰坠·风·灭虚	39		112		
6360	1260013200阵营拍卖腰坠·风·斩流	39		113		
6360	1415014400阵营拍卖腰坠·风·百川	39		118		
6360	1415014400阵营拍卖腰坠·风·灭虚	39		119		
6360	1415014400阵营拍卖腰坠·风·斩流	39		120		
6360	1540016100阵营拍卖腰坠·风·百川	39		125		
6360	1540016100阵营拍卖腰坠·风·灭虚	39		126		
6360	1540016100阵营拍卖腰坠·风·斩流	39		127		
6472	偿还名剑币_天佑中华	53		1		
6476	扣除名剑币道具_天佑中华	53		1		
6943	血战天策_保护青雅牧场_狼牙据点_邪心毒	99		1		
6943	血战天策_保护青雅牧场_狼牙据点_邪心毒	99		2		
6944	血战天策_保护青雅牧场_狼牙据点_灼烧	99		1		
6944	血战天策_保护青雅牧场_狼牙据点_灼烧	99		2		
6945	血战天策_保护青雅牧场_狼牙据点_流血	99		1		
6945	血战天策_保护青雅牧场_狼牙据点_流血	99		2		
6946	血战天策_保护青雅牧场_狼牙据点_骨折	99		1		
6947	血战天策_保护青雅牧场_狼牙据点_添加邪心毒CD	99		1		
6948	血战天策_保护青雅牧场_狼牙据点_添加灼烧CD	99		1		
6950	血战天策_保护青雅牧场_狼牙据点_吸收盾	99		1		
6950	血战天策_保护青雅牧场_狼牙据点_吸收盾	99		2		
6951	血战天策_保护青雅牧场_狼牙据点_蚀心反噬	99		1		
6951	血战天策_保护青雅牧场_狼牙据点_蚀心反噬	99		2		
6957	血战天策_保护青雅牧场_狼牙据点_判定砍旗	99		1		
6957	血战天策_保护青雅牧场_狼牙据点_判定砍旗	99		2		
6973	血战天策_保护青雅牧场_哨兵进战斗	99		1		
6975	血战天策_保护青雅牧场_狼牙据点_前·穿心劫	99		1		
6975	血战天策_保护青雅牧场_狼牙据点_前·穿心劫	99		2		
6976	血战天策_保护青雅牧场_狼牙据点_后·穿心劫	99		1		
6976	血战天策_保护青雅牧场_狼牙据点_后·穿心劫	99		2		
7001	血战天策_狼牙据点_动态技能条判定	99		1		
7006	血战天策_狼牙据点_炮台射程提示	99		1		
7006	血战天策_狼牙据点_炮台射程提示	99		2		
7028	血战天策_狼牙据点_眩晕	99		1		
7028	血战天策_狼牙据点_眩晕	99		2		
7039	血战天策_狼牙据点_战意已决	99		1		
7063	血战天策_狼牙据点_工兵控制炮台	99		1		
7063	血战天策_狼牙据点_工兵控制炮台	99		2		
7094	加速buff-威望名剑币5	108		1		
7096	加速buff-名剑币10	108		1		
7100	血战天策_狼牙据点_蚀心引_被打断	99		1		
7116	血战天策_狼牙据点_外功伤害提高	99		1		
7116	血战天策_狼牙据点_外功伤害提高	99		2		
7136	阵营_提品道具拾取标记	53		1		
7232	血战天策_狼牙据点_炮击成就	99		1		
7234	血战天策_狼牙据点_炮击成就	99		1		
7288	战阶_上周战阶积分	53		1		
7290	战阶_领取战阶奖励	53		1		
7291	战阶_待发奖励邮件	53		1		
7505	春点减化劲	116		1		
7525	争夺据点	116		1		Quest\逐鹿中原\据点大旗.lua
7525	争夺据点	116		2		Quest\逐鹿中原\据点大旗.lua
7551	战场为帮会加分	108		1		
7561	守卫据点	116		1		Quest\逐鹿中原\据点大旗.lua
7561	守卫据点	116		2		Quest\逐鹿中原\据点大旗.lua
7585	据点战斗贡献	116		1		
7631	离开据点倒计时	116		1		Quest\逐鹿中原\离开据点倒计时.lua
7649	记录个人战阶积分	116		1		
7678	问鼎分支·死斗加攻击	116		1		
7679	问鼎分支·壁立加防御	116		1		
7680	问鼎分支·将星加属性	116		1		
7682	问鼎分支·镖头可骑乘	116		1		
7684	押运粮草·界面刷新	116		1		
7686	押运粮草·任务变量	116		1		
7732	据点贸易	116		1		
7744	据点贸易头顶标记	116		1		
7785	逐鹿中原据点称号属性	52		1		
7785	逐鹿中原据点称号属性	52		2		
7785	逐鹿中原据点称号属性	52		3		
7812	据点贸易·雪藏	116		1		
7813	本帮据点周期性自动增长战阶	116		1		
7818	据点贸易任务标记	116		1		
7836	全机制战阶和威望防刷	53		1		
7869	记录竞技场周结算buff	116		1		
8177	据点争夺活动完成标记	116		1		
8207	身高控制	116		1		
8547	竞技场精英赛	42		1		
8827	挂机监控	42		1		
9420	3号_游击_攻其无备_定身减疗	117		1		
9431	攻防维持判断	114		1		
9467	攻防载具禁止回血	114		1		
9514	楚济_减疗40%	120		1		
9518	飞行	53		1		
9518	飞行	53		2		
9518	飞行落地	53		3		
9625	记录攻防便携神机车血量	114		1		
9629	个人初始战阶	53		1		
9630	其他战阶	53		1		
9631	实时战阶	53		1		
9632	攻防神机雷监控	114		1		
9632	攻防神机雷监控	114		2		
9638	初始战阶记录标记	53		1		
9694	清绝影歌_npc_40%减疗	120		1		
9734	记录攻防便携摧城车血量	114		1		
9785	黑戈壁禁止载具回血	114		1		
9786	黑戈壁载具限时_player	114		1		
9788	黑戈壁载具维持判断	114		1		
9826	攻防结算界面	53		1		
9838	牛车检测	53		1		
9864	风20%会心换20%御劲	1		1		
9884	GF神机台建造中	114		1		
9983	黑戈壁离开PVP区域提示	114		1		
10008	95级阵营黑戈壁同步分数	53		1		
10012	攻防结算奖励标记	53		1		
10012	攻防结算奖励标记	53		2		
10028	95阵营-矿车残骸拾取cd	88		1		
10029	95阵营-押运奖赏拾取cd	88		1		
10069	黑戈壁神机雷监控	114		1		
10079	迷神钉不递减	7		1		
10143	攻防参与统计	53		1		
10181	95阵营矿车奖励拾取权限	53		1		
10183	95阵营黑戈壁被击杀计数	53		1		
10243	盾击减疗实际效果	139		1		苍云/套路及子技能/减料效果被顶替掉.lua
10243	盾击减疗实际效果	139		2		苍云/套路及子技能/减料效果被顶替掉.lua
10243	盾击减疗实际效果	139		3		苍云/套路及子技能/减料效果被顶替掉.lua
10274	竞技场周常	13		1		
10298	攻防挂机	53		1		
10299	攻防挂机次数	53		1		
10305	攻防挂机描述	53		1		
10305	攻防挂机描述	53		2		
10305	攻防挂机描述	53		3		
10305	攻防挂机描述	53		4		
10305	攻防挂机描述-恶人	53		5		
10305	攻防挂机描述-恶人	53		6		
10305	攻防挂机描述-恶人	53		7		
10305	攻防挂机描述-恶人	53		8		
10323	死亡挂机	53		1		
10415	唐门_加入阵营隐藏BUFF	155		1		
10415	唐门_加入阵营隐藏BUFF	155		2		
10416	唐门_加入阵营显示标识	155		1		
10416	唐门_加入阵营显示标识	155		2		
10646	2号_柳绯君_问情_减疗禁魔禁轻功	156		1		
10646	2号_柳绯君_问情_减疗禁魔禁轻功	156		2		
10662	前阶段战阶	53		1		
10667	踢出图标记	53		1		
10754	据点踢出图	116		1		
10779	转换阵营暂不可兑换装备	53		1		
10850	绿林_陷阱减速减疗	164		1		
10863	禁止阵营活动标记	53		1		
10893	2号_哥舒翰_落枪_减疗	158		1		
10893	2号_哥舒翰_落枪_减疗	158		2		
11089	攻防奖励日期	53		1		
11547	消极应战	13		1		
11547	消极应战	13		2		
11548	积极应战	13		1		
11558	据点验证码	116		1		Quest\攻防占坑验证码弹出.lua
11559	验证码答案	116		1		Quest\攻防占坑验证码弹出.lua
11561	据点大旗附近buff	116		1		
11563	10分钟内获得战阶	53		1		
11564	据点大旗增益buff	116		1	920	
11565	大旗手检测	116		1		
11589	大小攻防接任务CD1	116		1		
11590	大小攻防接任务CD2	116		1		
11614	战场任务buff	42		1		
11837	竞技场禁止换心法	13		1	520	
11839	竞技场准备时间_可奇穴切换	13		1		Quest\竞技场_切奇穴.lua
11840	竞技场倒计时_无法切换奇穴	13		1		
11873	追命箭降低目标化劲	7		1		
11873	追命箭降低目标化劲	7		2		
11878	竞技场排队标记	13		1		世界规则/名剑大会监控是否完成对局.lua
11880	竞技场惩罚	13		1		
11880	竞技场惩罚	13		2		
11881	竞技场三层	13		1		
11919	上周战阶	13		1		
11924	JJC扣名剑币	51		1		
11962	战场首胜buff	42		1		
12009	战场禁止切心法	13		1	520	
12015	战场YY队	146		1		
12067	小攻防清人	116		1		
12068	清出地图	116		1		系统/大小攻防清场踢出地图.lua
12074	守护据点	116		1		
12074	守护据点	116		2		
12074	守护据点	116		3		
12076	据点令牌	55		1		
12076	据点令牌	55		2		
12076	据点令牌	55		3		
12123	绿林_战阶上限	164		1		
12164	据点通行令领取CD	181		1		
12174	获取据点令牌CD	55		1		
12175	攻防弹幕信息同步	53		1		
12203	战场触发奇遇	109		1		
12283	生太极吞日月加减疗被动计数	3		1		
12423	2号_致命穿刺减疗	180		1		
12423	2号_致命穿刺减疗	180		2		
12455	体验战场回血	12		1		
12456	体验战场狂暴	12		1		
12466	体验战场监控buff	12		1		
12476	阵营披风碎片战场	51		1		
12476	阵营披风碎片竞技场	51		2		
12545	周六全套攻防前置标记	88		1		
12545	周日全套攻防前置标记	88		2		
12595	体验战场倒计时传送buff	12		1		
12597	兰摧降低目标化劲	2		1		
12597	兰摧降低目标化劲	2		2		
12597	兰摧降低目标化劲	2		3		
12597	兰摧降低目标化劲	2		4		
12605	兰摧玉折目标唯二	2		1		万花\万花_兰摧玉折_被驱散脚本.lua
12605	兰摧玉折目标唯二	2		2		万花\万花_兰摧玉折_被驱散脚本.lua
12605	兰摧玉折目标唯二	2		3		万花\万花_兰摧玉折_被驱散脚本.lua
12605	兰摧玉折目标唯二	2		4		万花\万花_兰摧玉折_被驱散脚本.lua
12605	兰摧玉折目标唯二	2		5		万花\万花_兰摧玉折_被驱散脚本.lua
12605	兰摧玉折目标唯二	2		6		万花\万花_兰摧玉折_被驱散脚本.lua
12605	兰摧玉折目标唯二	2		7		万花\万花_兰摧玉折_被驱散脚本.lua
12605	兰摧玉折目标唯二	2		8		万花\万花_兰摧玉折_被驱散脚本.lua
12605	兰摧玉折目标唯二	2		9		万花\万花_兰摧玉折_被驱散脚本.lua
12605	兰摧玉折目标唯二	2		10		万花\万花_兰摧玉折_被驱散脚本.lua
12605	兰摧玉折目标唯二	2		11		万花\万花_兰摧玉折_被驱散脚本.lua
12605	兰摧玉折目标唯二	2		12		万花\万花_兰摧玉折_被驱散脚本.lua
12605	兰摧玉折目标唯二	2		13		万花\万花_兰摧玉折_被驱散脚本.lua
12605	兰摧玉折目标唯二	2		14		万花\万花_兰摧玉折_被驱散脚本.lua
12605	兰摧玉折目标唯二	2		15		万花\万花_兰摧玉折_被驱散脚本.lua
12605	兰摧玉折目标唯二	2		16		万花\万花_兰摧玉折_被驱散脚本.lua
12605	兰摧玉折目标唯二	2		17		万花\万花_兰摧玉折_被驱散脚本.lua
12605	兰摧玉折目标唯二	2		18		万花\万花_兰摧玉折_被驱散脚本.lua
12605	兰摧玉折目标唯二	2		19		万花\万花_兰摧玉折_被驱散脚本.lua
12650	洛阳城北偷运箱子·浩气	88		1		Quest/洛阳城北背箱子buff移除.lua
12650	洛阳城北偷运箱子·恶人	88		2		Quest/洛阳城北背箱子buff移除.lua
12653	洛阳城北日常分数同步	88		1		
12653	洛阳城北日常分数同步	88		2		
12796	风来吴山命中多个目标伤害递减	6		1		
12800	战场排队倒计时	42		1		
12800	战场排队倒计时	42		2		
12803	六合独尊命中多人实际伤害递减	3		1		
12803	六合独尊命中多人实际伤害递减	3		2		
12803	六合独尊命中多人实际伤害递减	3		3		
12803	六合独尊命中多人实际伤害递减	3		4		
12803	六合独尊命中多人实际伤害递减	3		5		
12803	六合独尊命中多人实际伤害递减	3		6		
12821	战场禁止排队	42		1		
12855	女生竞技场	51		1		
12964	阵营日常新手免伤	88		1		
12989	持国天王殿_御劲壁垒	190		1		
13052	普通大道无术减化劲	3		1		
13052	普通大道无术减化劲	3		2		
13052	普通大道无术减化劲	3		3		
13052	普通大道无术减化劲	3		4		
13052	普通大道无术减化劲	3		5		
13053	强化大道无术减化劲	3		1		
13053	强化大道无术减化劲	3		2		
13053	强化大道无术减化劲	3		3		
13053	强化大道无术减化劲	3		4		
13053	强化大道无术减化劲	3		5		
13096	阵营祭祀大旗手	53		1		Quest/阵营祭祀背箱子.lua
13096	阵营祭祀大旗手	53		2		Quest/阵营祭祀背箱子.lua
13115	鼓舞士气	53		1		
13116	参与祭天活动	53		1		
13117	祭天台范围内增益	53		1	1004	
13119	祭祀据点祝福	53		1	904	
13119	祭祀据点祝福	53		2	904	
13120	竞技场_赛点标记	42		1		
13121	护送奖励层数要求	53		1		
13123	祭天队友喊话助威	53		1		Quest/祭天助威喊话结束.lua
13134	节日儿童节_滑翔翼加速递减监控	51		1		
13209	新版阵营小斗士	53		1		Quest/逐鹿中原/阵营小斗士buff移除.lua
13211	战场举报复查buff	42		1		
13211	名剑大会举报复查buff	42		2		
13211	大小攻防举报复查buff	42		4		
13211	战场举报复查buff	42		5		
13218	新版阵营小斗士实际生效的buff	53		1	1004	
13395	战场提前逃出处理	13		1		
13479	进入竞技场标记	13		1		
13569	大GF参与时间	53		1		
13597	竞技场状态机无敌buff	13		1		
13598	竞技场状态机减伤buff	13		1		
13598	竞技场状态机无敌buff	13		2		
13652	丐帮弟子_蜀犬吠日	40		1		
13668	经首道源岛日常BUFF	88		1		
13668	经首道源岛日常BUFF	88		2		
13688	经首道源岛日常投石车定身	88		1		
13695	竞技场状态机附近打斗破坏buff	13		1	1014	
13698	竞技场状态机溅射cdBuff	13		1		
13716	经首道源岛日常爆弹矿车检测附近人数	88		1		
13737	可人_剑气伤害	40		1		
13810	米丽古丽_极乐引减伤	40		1		
13839	经首道源岛海龟旋转BUFF	88		1		
13894	黑无常_判-喋血	41		1		
13916	攻防检测切后台挂机	116		1		
13916	攻防检测免检区段	116		2		
13924	翔极碧落降低目标化劲等级	201		1		
13925	通用_boss回血	40		1		
13939	还璧减化劲	163		1		
14052	参与大攻防	53		1		
14053	大攻防排队前清人	53		1		
14113	攻防设置成员在地图	53		1		
14115	经首道源岛新手免伤	88		1		
14116	经首道源岛蓝晶髓AOE	88		1		
14169	攻防指挥送鲜花数	51		1		
14200	张桎辕_六合气场	40		1		
14326	竞技场延时释放冲击波技能	13		1		Quest/竞技场障碍破坏/通用延时AOE.lua
14326	竞技场延时释放冲击波技能	13		2		Quest/竞技场障碍破坏/通用延时AOE.lua
14326	竞技场延时释放冲击波技能	13		3		Quest/竞技场障碍破坏/通用延时AOE.lua
14327	攻防前置地图检查能否轻功战斗	198		1		
14334	通用_前置虚弱	40		1		
14341	通用_免控免推拉	40		1		npc/副本BOSS/攻防boss前置/指挥BUFF.lua
14341	通用_免控免推拉	40		2		npc/副本BOSS/攻防boss前置/指挥BUFF.lua
14390	竞技场延时设置血量10%	13		1		Quest/竞技场障碍破坏/通用延时设置血量10%.lua
14407	攻防_气灵珠	114		1		
14419	奶妈加战阶存数据buff	40		1		
14440	阵营烟花_浩气	110		1		
14478	可参与攻防拍卖	53		1		
14480	阵营烟花_中立浩气	110		1		
14481	阵营烟花_恶人	110		1		
14482	阵营烟花_中立恶人	110		1		
14523	攻防OB	40		1		
14526	通用_攻防休战无敌	40		1		
14536	攻防OBbuff	40		1		
14543	离开战场倒计时	42		1		
14544	战场竞技场排队CD	42		1		
14577	战场到钦佩buff	44		1		
14660	副本飞行测试	0		2		
14726	战场禁止用奇穴提示	201		1		
14895	破魂杀气	223		1		
14980	御劲提高	8		1		
14996	MOBA战场装备	39		1		万花\南风吐月添加太虚.lua
15011	记录竞技场房间号	13		1		Quest/竞技场_开房间访客buff.lua
15033	MOBA减疗	42		1		
15042	召唤boss释放增益技能	40		1		
15042	召唤boss释放增益技能	40		2		
15046	阵营强势buff	40		1		
15047	阵营弱势buff	40		1		
15049	召唤boss释放增益总控	40		1		npc/副本BOSS/攻防boss前置/召唤boss释放增益总控buff.lua
15051	赛季末攻防狂欢	88		1		
15081	监控_排队不进	226		1		
15088	记录竞技场房间类型	13		1		
15103	MOBA减疗装备	42		1		
15111	战场组排标记	146		1		
15189	战场师父标记	13		1		
15190	战场徒弟标记	13		1		
15193	战场徒弟标记2	13		1		
15194	战场徒弟标记3	13		1		
15319	师徒活动_共同战场标记	51		1		
15323	沧溟绝境地宫伤害	187		1		
15323	沧溟绝境地宫伤害	187		2		
15323	沧溟绝境地宫伤害	187		3		
15323	沧溟绝境地宫伤害	187		4		
15323	沧溟绝境地宫伤害	187		5		
15323	沧溟绝境地宫伤害	187		6		
15323	沧溟绝境地宫伤害	187		7		
15323	沧溟绝境地宫伤害	187		8		
15483	经首道源矿车相关检测	211		1		
15509	据点争夺跑商保险	116		1		
15531	血覆黄泉减疗效果BUFF	232		1		
15531	血覆黄泉减疗效果BUFF50	232		2		
15551	时辰_减疗	233		1	0	
15661	通用_减疗	233		1	0	
15692	食物免疫效果_减疗	233		4	0	
15774	内功boss通用减疗	220		1		
15800	蔷薇列岛阵营日常BUFF	88		1		
15812	攻防期间怨念的狸猫BUFF	13		1		
15817	通用_主T强仇buff总控	40		1		npc\副本BOSS\攻防boss前置\主T加仇恨buff.lua
15817	通用_主T强仇buff总控	40		2		npc\副本BOSS\攻防boss前置\小攻防免拉buff.lua
15820	蔷薇列岛阵营日常人数检测buff	88		1		
15847	每跳上传战阶数据	116		1		
15858	BattlePass大攻防周完成标记	51		1		
15859	BattlePass小攻防周完成标记	51		1		
15865	加分特效	88		1		
15886	BattlePass据点贸易完成标记	51		1		
15903	据点争夺CD计时器	116		1		
15918	蔷薇列岛载具维持判断	114		1		
15947	一死方休	88		1		
15954	攻防霸刀标记	53		1		
15977	100级阵营拾取CD1	88		1		
15978	100级阵营拾取CD2	88		1		
15979	100级阵营拾取CD3	88		1		
16007	蔷薇列岛新手免伤	88		1		
16120	召唤张桎辕标记	40		1		
16123	召唤司空仲平标记	40		1		
16124	召唤影标记	40		1		
16125	召唤米丽古丽标记	41		1		
16126	召唤烟标记	41		1		
16127	召唤陶寒亭标记	41		1		
16195	100级阵营拾取CD4	88		1		
16586	绝境的馈赠_少林	187		1	255	
16586	绝境的馈赠_天策	187		2	255	
16586	绝境的馈赠_纯阳	187		3	255	
16586	绝境的馈赠_藏剑	187		4	255	
16586	绝境的馈赠_丐帮	187		5	255	
16586	绝境的馈赠_苍云	187		6	255	
16586	绝境的馈赠_五毒	187		7	255	
16586	绝境的馈赠_明教	187		8	255	
16586	绝境的馈赠_凌雪	187		9	255	
16586	绝境的馈赠_衍天	187		10	255	
16586	绝境的馈赠_长歌	187		11	255	
16586	绝境的馈赠_唐门	187		12	255	
16586	绝境的馈赠_七秀	187		13	255	
16586	绝境的馈赠_万花	187		14	255	
16586	绝境的馈赠_药宗	187		15	255	
16586	绝境的馈赠_霸刀	187		16	255	
16586	绝境的馈赠_蓬莱	187		17	255	
16586	绝境的馈赠_刀宗	187		18	255	
16586	绝境的馈赠_唐门天罗诡道	187		19	255	
16586	绝境的馈赠_纯阳太虚剑意	187		20	255	
16586	绝境的馈赠_万灵山庄	187		21	255	
16586	绝境的馈赠_段氏	187		22	255	
16586	绝境的馈赠_无相楼	187		23	255	
16598	蔷薇列岛阵营区域死亡计数	88		1		
16654	竞技场能力修正	13		1		
16654	竞技场能力修正	13		2		
16664	剑纯实际减疗效果	3		1		
16664	剑纯实际减疗效果	3		2		
16664	剑纯实际减疗效果	3		3		
16664	剑纯实际减疗效果	3		4		
16664	剑纯实际减疗效果	3		5		
16665	延迟处理减疗添加	3		1		纯阳/套路及子技能/延迟删表现buff.lua
16717	大小攻防开战地图标记	116		1		
16735	帮会转阵营个人补转buff	53		1		
16745	拍卖BUG_欠债还钱	51		1		
16928	5号_安小逢_普攻流血	240		1		npc/副本BOSS/范阳夜变/5号_安小逢/加减疗.lua
16928	5号_安小逢_普攻流血	240		2		npc/副本BOSS/范阳夜变/5号_安小逢/加减疗.lua
16967	新苍云特殊武器_减疗	39		1		
17076	斩火降低目标化劲	8		1		
17200	内功通用不脱战减疗	220		1		
17468	[17468]扰乱阵营秩序	116		1		
17488	名剑大会每周五场胜利标记	42		1		
17644	竞技场55机器人减疗修正	13		1		
17678	竞技场OB防被打	13		1		
17753	小攻防占坑延迟神行过图	116		1		
17787	小攻防过图延迟	116		1		
17791	小攻防占坑过图记录地图	116		1		
17792	小攻防占坑过图记录x坐标	116		1		
17793	小攻防占坑过图记录y坐标	116		1		
17794	小攻防占坑过图记录z坐标	116		1		
17915	藏剑弟子探梅冲刺表现	88		1		Quest/乱世藏剑阵营日常/藏剑弟子_探梅动作buff.lua
17931	藏剑弟子治疗记录实际记录的buff	88		1		Quest/乱世藏剑阵营日常/藏剑弟子_受到治疗记录buff.lua
17938	藏剑弟子和玩家相连	88		1		Quest\乱世藏剑阵营日常\玩家_有跟随记号.lua
17938	藏剑弟子和玩家相连	88		2		Quest\乱世藏剑阵营日常\玩家_有跟随记号.lua
17980	阵营日常_冲浪最大速度	88		1		
17981	阵营日常_冲浪加速中	88		1		
17987	阵营日常_冲浪中	88		1		Quest/乱世藏剑阵营日常/玩家_冲浪状态buff.lua
17989	阵营日常_冲浪实际加速	88		1		
17992	阵营日常_控制水枪	88		1		Quest\乱世藏剑阵营日常\玩家_控制水枪拥有buff.lua
17993	阵营日常_伤害水枪	88		1		Quest\乱世藏剑阵营日常\玩家_伤害水枪拥有buff.lua
17994	阵营日常_水泡	88		1		Quest\乱世藏剑阵营日常\玩家_水枪水泡消失.lua
18004	持续减疗效果	260		1		
18019	[18019]阵营日常_进入泉眼状态_玩家	88		1		Quest\乱世藏剑阵营日常\进入泉眼状态buff.lua
18023	阵营日常_跳出泉眼状态	88		1		Quest\乱世藏剑阵营日常\跳出泉眼状态buff.lua
18024	竞技场场中标记	187		1		
18029	[18029]阵营日常_进入泉眼状态_npc	88		1		Quest\乱世藏剑阵营日常\进入泉眼状态buff.lua
18031	百步穿杨减化劲	7		1		
18038	减疗免疫	260		1		
18047	阵营日常_隐身区域判断	88		1		
18048	阵营日常_隐身	88		1		Quest\乱世藏剑阵营日常\隐身区域判断.lua
18080	阵营日常_拾取CD1	88		1		
18095	藏剑弟子观察血量buff	88		1		
18104	藏剑弟子持续扣血	88		1		Quest\乱世藏剑阵营日常\藏剑弟子扣血状态buff.lua
18107	藏剑弟子跟随状态	88		1		Quest\乱世藏剑阵营日常\藏剑弟子跟随状态buff.lua
18107	藏剑弟子跟随状态	88		2		Quest\乱世藏剑阵营日常\藏剑弟子跟随状态buff.lua
18142	阵营日常_水枪水量记录	88		1		
18144	阵营日常_矿车拾取权限	88		1		
18145	阵营日常_加分buff	88		1		
18146	阵营日常_冲浪减速中	88		1		
18262	4号_特殊减疗	252		1		
18262	4号_特殊减疗	252		2		
18262	4号_特殊减疗	252		3		
18267	阵营日常_冲浪跳跃中	88		1		Quest\乱世藏剑阵营日常\玩家_冲浪板跳跃.lua
18305	阵营日常_冲浪板	88		1		Quest\乱世藏剑阵营日常\玩家_冲浪板拥有buff.lua
18333	周边_受伤的万花弟子减疗	258		1		
18522	天策弟子_渊	88		1		
18531	天策弟子_渊_换动作	88		1		Quest/乱世藏剑阵营日常/天策弟子_渊动作buff.lua
18534	天策弟子_骑马换模	88		1		Quest\乱世藏剑阵营日常\天策弟子_奔跑.lua
18534	天策弟子_骑马换模	88		2		Quest\乱世藏剑阵营日常\天策弟子_奔跑.lua
18534	天策弟子_骑马换模	88		3		Quest\乱世藏剑阵营日常\天策弟子_奔跑.lua
18535	天策弟子跟随状态	88		1		Quest\乱世藏剑阵营日常\藏剑弟子跟随状态buff.lua
18608	阵营日常_npc水泡	88		1		
18614	阵营日常_npc跳跃判定	88		1		Quest/乱世藏剑阵营日常/气泡npc跳跃判定.lua
18660	阵营日常_水中判定	88		1		
18661	阵营日常_溺水	88		1		Quest/乱世藏剑阵营日常/通用溺水.lua
18663	阵营日常_操作泉眼	88		1		
18674	阵营日常_冲浪最小速度	88		1		
18688	1102战阶积分记录	51		1		
18762	乱世藏剑新手免伤	88		1		
18823	伪·万剑归宗减疗	51		1		
18875	据点_玩家标记	274		1		
18877	据点_敌军标记	274		1		
19008	许愿树·名剑大会	247		1		
19009	许愿树·驰骋战场	247		1		
19210	一号据点增益_回血	274		1		
19210	一号据点增益_回血	274		2		
19211	二号据点增益_减伤	274		1		
19212	三号据点增益_增伤	274		1		
19213	一号据点减益_掉血	274		1		
19213	一号据点减益_掉血	274		2		
19214	二号据点减益_易伤	274		1		
19215	三号据点减益_减伤	274		1		
19263	禁令·阵营日常	13		1		
19263	禁令·阵营日常	13		2		
19263	禁令·阵营日常	13		3		
19264	禁令·阵营战场	13		1		
19264	禁令·阵营战场	13		2		
19264	禁令·阵营战场	13		3		
19265	禁令·名剑大会 	13		1		
19265	禁令·名剑大会 	13		2		
19265	禁令·名剑大会 	13		3		
19266	禁令·阵营攻防	13		1		
19266	禁令·阵营攻防	13		2		
19266	禁令·阵营攻防	13		3		
19404	战场本周双倍威望	42		1		
19419	弱势阵营威望加成	53		1		
19419	弱势阵营威望加成	53		2		
19419	弱势阵营威望加成	53		3		
19461	阵营随机日常完成标记	13		1		
19548	竞技场练习机器人标记	13		1		
19582	战场领10000威望触发黑白路标记	42		1		
19583	禁行·阵营日常	13		1		
19584	禁行·阵营战场	13		1		
19585	禁行·名剑大会	13		1		
19585	禁行·名剑大会	13		2		
19585	禁行·名剑大会	13		3		
19586	禁行·阵营攻防	13		1		
19590	禁行·绝境战场	13		1		
19621	江湖行记记录战场每周发奖次数	42		1		
19652	战场站旗时长统计	12		1		
19819	阵营日常_伤害水枪_置灰	88		1		
19820	阵营日常_控制水枪_置灰	88		1		
19888	首领的震怒·阵营攻防	13		1		
19904	禁书·阵营日常	13		1		
19905	禁书·绝境战场	13		1		
19906	禁书·名剑大会	13		1		
19906	禁书·名剑大会	13		2		
19906	禁书·名剑大会	13		3		
19909	禁书·阵营攻防	13		1		
19968	修罗僧_P1_减疗	270		1		
20116	竞技场--赛季段位继承	13		1		Quest/竞技场_赛季结算buff.lua
20216	攻防NPC浮空慢慢下落	40		1		
20249	道具_平沙递减标记Buff	187		1		
20307	伊夜影豹buff	40		1		
20382	伊夜持续转面向控制	40		1		
20391	攻防boss不自动转面向-AI判	40		1		
20397	丁丁冰霜buff	40		1		
20812	[20812]铁骨奇穴_慑服_御劲	139		1		
20815	[20815]玄一逐层驱散表现	3		1		纯阳\减疗表现Buff结束相关处理.lua
20881	攻防boss通用自我循环检测	40		1		
21027	神占标记Buff	260		1		衍天/套路及子技能/移除三星临无视化劲标记.lua
21027	神占标记Buff	260		2		衍天/套路及子技能/移除三星临无视化劲标记.lua
21027	神占标记Buff	260		3		衍天/套路及子技能/移除三星临无视化劲标记.lua
21124	天原绝境_滑翔维持	187		1	255	沙漠风暴/天原绝境_滑翔翼维持.lua
21139	天原绝境_火焰表现	187		1		
21142	天原绝境_烟雾表现	187		1		
21172	天原绝境_燧石点燃	187		1		
21174	天原绝境_照明弹范围显示	187		1		
21175	天原绝境_温度层数	187		1		
21181	天原绝境_寒冷	187		1		
21181	天原绝境_极寒	187		2		
21182	天原绝境_寒冷降低血上限	187		1		
21188	天原绝境_武家饮血dot	187		1		
21193	天原绝境_剑宗饮冰冻结	187		1		
21194	天原绝境_剑宗饮冰内置cd	187		1		
21226	天原绝境_橙胖次降攻击	187		1		
21409	天原绝境_战象冲锋标记	187		1		
21410	天原绝境_战象骑乘	187		1		沙漠风暴/天原战象维持.lua
21428	天原绝境_人数显示	187		1		
21436	天原绝境_滑索cd	187		1		
21438	攻防奇袭场禁用轻功	53		1		
21438	攻防奇袭场禁用轻功	53		2		
21454	天原绝境_谷风降温	187		1		沙漠风暴/天原绝境谷风debuff.lua
21458	天原绝境_温暖区	187		1		
21589	天原绝境_战象每秒推人	187		1		
21824	玄一逐层驱散实际	3		1		纯阳\减疗实际Buff结束相关处理.lua
21824	玄一逐层驱散实际	3		2		纯阳\减疗实际Buff结束相关处理.lua
21824	玄一逐层驱散实际	3		3		纯阳\减疗实际Buff结束相关处理.lua
21824	玄一逐层驱散实际	3		4		纯阳\减疗实际Buff结束相关处理.lua
21824	玄一逐层驱散实际	3		5		纯阳\减疗实际Buff结束相关处理.lua
21831	用于NPC延迟删除减疗表现	3		1		纯阳/NPC减疗被转移处理.lua
21847	凌云梯_竞技场出来后尝试触发	109		1		
21977	系统_精神对应减疗	290		1		
22024	徒弟和师父一起战场结算的标记buff	13		1		
22040	小攻防全程参与时长	88		1		
22041	大攻防全程参与时长	88		1		
22131	三星临无视化劲判定标记	260		1		
22132	三星临无视化劲实际效果	260		1		
22357	攻防BOSS奖励标记	53		1		
22358	攻防BOSS奖励标记	53		1		
22359	攻防BOSS奖励标记	53		1		
22360	攻防BOSS奖励标记	53		1		
22361	攻防BOSS奖励标记	53		1		
22362	攻防BOSS奖励标记	53		1		
22469	战场入场时已结束标记	13		1		
22601	战阶_上周战阶积分排名	53		1		
22743	国际服监狱减杀气buff	13		1		
22743	一心向善	13		2		
22939	名剑大会获取威望上限记录	42		1		
23071	[23071]霸刀七刀无视化劲	163		1		
23137	竞技场每周记录拭剑宝箱数量	13		1		
23145	铁血之王buff	53		1		Quest/逐鹿中原/铁血之王buff移除.lua
# matched 800 (limit 800)
